7,0,0,0,0,0,0,0,0,0,0,0,0,0,3,0,0,7,0,1,7,3,6,5,6,6,3,8,2,1,1,3,1,7,5,3,Unknown,Unknown,Unknown,Unknown,Unknown,Unknown,Unknown,Not tracked,Not tracked,Not tracked,Not tracked,Unknown,Not tracked,Not tracked,Not tracked,Not tracked,Not tracked,Not tracked,Unknown,Unknown,Unknown,Unknown,Unknown,Unknown,Unknown,Unknown,Unknown,Unknown,Unknown,Unknown,Unknown,Unknown,Not tracked,Not tracked,Unknown,Unknown,Perut,Kepala,-0.0683333333333333,-0.0319444444444445,-0.0716666666666667,0.144444444444444,-0.0294444444444445,0.0602777777777778,-0.04,-0.223333333333333,-0.0211111111111111,-0.195555555555556,-0.00777777777777778,-0.0702777777777778,-0.220555555555556,-0.658055555555556,0.754994825674197,0.538628359274557,-0.827993468191967,-2.07199190908711,-2.19897403107532,1.74209213229626,0.701847014299158,Topeng
0,0,8,0,0,0,0,3,0,0,0,1,0,0,0,0,8,0,0,0,0,0,5,4,4,4,5,1,3,1,7,1,3,1,8,1,Unknown,Unknown,Unknown,Unknown,Unknown,Unknown,Unknown,Unknown,Unknown,Unknown,Unknown,Unknown,Unknown,Unknown,Unknown,Unknown,Unknown,Not tracked,Unknown,Unknown,Unknown,Unknown,Unknown,Unknown,Unknown,Unknown,Unknown,Unknown,Unknown,Unknown,Unknown,Unknown,Unknown,Unknown,Unknown,Unknown,Perut,Kepala,-0.0766203703703704,-0.0986651234567901,-0.0744907407407407,0.185401234567901,-0.0210956790123457,0.083341049382716,-0.0236111111111111,-0.232592592592593,-0.0191975308641975,-0.199320987654321,-0.00660493827160493,-0.0705632716049382,-0.220570987654321,-0.68383487654321,1.29600170959067,1.02923730037252,1.3888009470561,-2.08442758240153,0.291587717553154,0.922973987795591,0.723098642796163,Topeng
0,3,3,5,0,7,0,0,0,0,1,0,0,0,0,0,0,1,7,5,6,6,5,7,0,0,1,1,2,1,2,1,0,5,5,5,Unknown,Unknown,Unknown,Unknown,Unknown,Unknown,Unknown,Unknown,Unknown,Unknown,Unknown,Unknown,Unknown,Unknown,Unknown,Unknown,Unknown,Unknown,Open,Unknown,Unknown,Unknown,Open,Unknown,Unknown,Unknown,Unknown,Unknown,Unknown,Unknown,Unknown,Unknown,Unknown,Unknown,Unknown,Unknown,Perut,Kepala,-0.0996283436213992,0.0561481910150892,-0.0584580761316872,0.190427812071331,-0.0161415466392318,0.0564816958161866,-0.0345447530864198,-0.226738683127572,-0.0133110425240055,-0.202481138545954,-0.0049056927297668,-0.0666823131001372,-0.211682527434842,-0.8053843021262,-0.00639764788763307,2.38602690921447,0.231552708665909,-2.16928559487656,-3.04586921654047,-0.156154896328679,0.836097841216484,Topeng
3,8,8,5,0,0,0,1,1,1,0,0,0,0,0,8,3,0,6,7,7,5,5,2,4,7,5,7,3,2,1,8,2,1,5,1,Unknown,Not tracked,Not tracked,Not tracked,Not tracked,Not tracked,Not tracked,Not tracked,Not tracked,Unknown,Unknown,Unknown,Unknown,Unknown,Unknown,Not tracked,Not tracked,Not tracked,Unknown,Not tracked,Unknown,Unknown,Not tracked,Not tracked,Not tracked,Not tracked,Unknown,Unknown,Unknown,Open,Unknown,Unknown,Not tracked,Unknown,Unknown,Unknown,Perut,Kepala,-0.0916563428783722,0.0829485608615302,-0.012179391003658,0.0669563281130925,-0.0218372651844231,0.0157356026615607,-0.033181798696845,-0.231298296753544,-0.0114808622923335,-0.20201336495961,-0.00430293590916019,-0.0732411753638927,-0.242824514650968,-0.697927341725728,-0.347139997219975,0.269425435664699,-0.747788240615331,-2.19202264410348,-0.870539360167607,-0.00599553040269799,0.755416330784151,Topeng
0,0,0,0,0,0,0,3,0,0,0,0,0,0,0,0,0,0,7,2,3,0,7,5,5,6,7,0,1,1,1,2,2,2,0,0,Unknown,Unknown,Unknown,Unknown,Unknown,Unknown,Unknown,Unknown,Unknown,Unknown,Unknown,Unknown,Unknown,Unknown,Unknown,Unknown,Unknown,Unknown,Open,Open,Open,Open,Open,Unknown,Unknown,Unknown,Unknown,Unknown,Unknown,Unknown,Unknown,Unknown,Unknown,Not tracked,Not tracked,Not tracked,Perut,Kepala,-0.117268231746621,0.0386930155794869,-0.078116094194546,0.17324878689203,-0.014773257366234,0.0348815445183767,-0.0336994944082457,-0.231702730465376,-0.0117078017303426,-0.199500371248878,-0.00317508155303223,-0.0714789215378859,-0.170078458740305,-0.761331315047937,0.0896237966797655,2.06940410921182,1.024398425496,-2.1888031340799,-3.08003812877388,-1.20678789171977,0.781837889186355,Topeng
0,0,0,0,0,0,0,0,0,0,0,0,0,0,3,0,0,0,7,3,3,0,7,4,5,5,7,6,1,1,2,1,2,1,7,7,Not tracked,Not tracked,Not tracked,Not tracked,Not tracked,Not tracked,Not tracked,Not tracked,Unknown,Unknown,Unknown,Unknown,Unknown,Unknown,Unknown,Unknown,Not tracked,Not tracked,Unknown,Unknown,Unknown,Unknown,Unknown,Unknown,Unknown,Unknown,Unknown,Unknown,Unknown,Unknown,Unknown,Unknown,Unknown,Unknown,Open,Unknown,Perut,Kepala,-0.100201895326295,0.0807970282105413,-0.0496698915054041,0.155368021858112,-0.00652147937128428,0.0270800429032883,-0.0384360970668957,-0.230047298068483,-0.00143632782584285,-0.204708343645802,-8.81967098064508E-05,-0.0700410811538301,-0.223891068298342,-0.763092536529109,-0.166847692212905,1.96289033897263,-0.835737534100906,-2.1656528112827,-3.06630478312516,-3.16956360661291,0.799723798871213,Topeng
0,0,0,0,0,0,0,0,0,0,0,0,0,0,0,0,0,5,0,0,0,0,0,3,5,5,5,5,7,2,8,1,8,2,7,3,Not tracked,Not tracked,Not tracked,Not tracked,Not tracked,Not tracked,Not tracked,Not tracked,Not tracked,Unknown,Unknown,Unknown,Unknown,Unknown,Unknown,Unknown,Not tracked,Not tracked,Open,Unknown,Open,Unknown,Open,Unknown,Unknown,Unknown,Unknown,Open,Unknown,Unknown,Open,Unknown,Unknown,Unknown,Unknown,Unknown,Perut,Kepala,-0.0233389415368415,0.0114110285614039,-0.0955463858751501,0.175149111718281,-0.0232367077603135,0.0571411123028691,-0.0399565582518582,-0.227501313835236,-3.98979951623014E-05,-0.204297453990161,-2.44990860573475E-06,-0.0691678078098286,-0.232052529674954,-0.743974792681364,1.1752304180449,0.935164286838889,0.622831274705778,-2.13430371845545,-3.05289962076875,-3.22963608710682,0.784301480856965,Topeng
0,8,8,8,0,0,0,0,0,0,0,0,0,8,0,0,0,0,0,7,0,0,3,7,4,5,0,3,5,0,7,3,7,2,5,2,Not tracked,Not tracked,Not tracked,Not tracked,Not tracked,Not tracked,Unknown,Unknown,Unknown,Unknown,Unknown,Unknown,Unknown,Unknown,Unknown,Not tracked,Not tracked,Not tracked,Unknown,Unknown,Unknown,Unknown,Unknown,Unknown,Unknown,Unknown,Not tracked,Not tracked,Not tracked,Unknown,Unknown,Unknown,Unknown,Not tracked,Unknown,Not tracked,Perut,Dada,-0.0909260817093567,0.114761417460039,0.0567903781701347,-0.17819030245227,0.00352120256221352,-0.0378571913249203,-0.0416654599514405,-0.226875036495423,-0.000834441610976729,-0.204286040388616,-0.000833401386350158,-0.069976883550273,-0.356445903602082,-0.398165966463371,-0.414731757878474,-0.350889769802312,-0.567889741637746,-2.17385305439531,-3.04887850216734,-1.66832859419786,0.53755209359051,Topeng
0,0,0,3,0,0,0,1,0,0,4,0,0,0,0,7,3,8,7,7,0,3,0,5,4,4,6,5,4,1,3,3,1,2,8,7,Not tracked,Not tracked,Not tracked,Not tracked,Not tracked,Not tracked,Not tracked,Not tracked,Not tracked,Not tracked,Not tracked,Not tracked,Not tracked,Not tracked,Not tracked,Not tracked,Unknown,Unknown,Unknown,Unknown,Unknown,Unknown,Unknown,Unknown,Open,Open,Unknown,Unknown,Unknown,Unknown,Unknown,Open,Open,Unknown,Unknown,Open,Perut,Kepala,0.00969649773029565,-0.0354232939594434,-0.108700267273052,0.18449471382077,-0.0307355221510496,0.0575595224631967,-0.05865737388754,-0.228802084347095,-0.0266898456003049,-0.200952390010795,-0.00446759448295418,-0.0661104689875076,-0.281012386211169,-0.714115721290649,1.10199027671237,0.313676261109865,0.120447403098453,-2.24595233558827,-3.10875564082484,-1.20087618500236,0.771213354970358,Topeng
0,0,0,0,8,8,0,5,0,1,1,1,0,7,1,0,8,0,0,5,0,0,0,3,5,3,4,6,4,5,1,2,3,8,1,1,Unknown,Unknown,Unknown,Unknown,Unknown,Unknown,Unknown,Unknown,Unknown,Unknown,Unknown,Unknown,Lasso,Unknown,Unknown,Unknown,Unknown,Unknown,Unknown,Unknown,Unknown,Unknown,Unknown,Unknown,Unknown,Unknown,Unknown,Open,Unknown,Unknown,Unknown,Unknown,Unknown,Unknown,Unknown,Open,Perut,Kepala,0.0277693471591748,-0.0762617581655401,-0.0919083407575848,0.206235964272799,-0.0305759867264181,0.067432208957311,-0.0521849270524317,-0.231355613454086,-0.0440747179333418,-0.197804233055856,-0.0129018776245265,-0.0685030685829863,-0.349750344061421,-0.744003214480296,1.73903803712992,0.433480717908339,-0.301876354254193,-2.24290949807484,-0.434228421935379,-1.04435313584907,0.828703811240305,Topeng
3,0,0,1,0,0,0,0,0,0,0,0,0,0,0,0,0,0,5,0,5,4,0,0,3,1,1,1,1,1,1,7,0,3,1,5,Not tracked,Not tracked,Not tracked,Not tracked,Not tracked,Not tracked,Not tracked,Not tracked,Not tracked,Not tracked,Not tracked,Not tracked,Unknown,Lasso,Not tracked,Not tracked,Not tracked,Not tracked,Unknown,Unknown,Unknown,Unknown,Unknown,Unknown,Unknown,Open,Open,Open,Open,Unknown,Unknown,Unknown,Unknown,Unknown,Unknown,Unknown,Perut,Kepala,-0.0389508514678007,0.0481593956065128,-0.0947752316877107,0.1701732212298,-0.0216826662979561,0.0488175613599253,-0.0367273590847898,-0.234759878151503,-0.0340020754981484,-0.202161228695996,-0.0125806077117924,-0.0638473074606385,-0.257770842890595,-0.800666755957786,-0.0772992248500794,0.408526371117596,0.779704921114667,-2.18555953463643,2.07033277487383,0.988831896870098,0.843361189255783,Topeng
0,0,0,0,0,0,0,0,0,0,0,0,0,0,0,0,0,3,1,0,7,0,3,8,1,3,7,5,5,7,0,1,1,2,1,3,Not tracked,Not tracked,Not tracked,Not tracked,Not tracked,Not tracked,Not tracked,Not tracked,Not tracked,Not tracked,Not tracked,Not tracked,Not tracked,Not tracked,Not tracked,Not tracked,Not tracked,Not tracked,Open,Unknown,Unknown,Unknown,Unknown,Unknown,Unknown,Unknown,Open,Unknown,Unknown,Unknown,Unknown,Unknown,Unknown,Unknown,Unknown,Unknown,Perut,Kepala,-0.0541375236518834,0.0421710943224031,-0.0837437564357698,0.129171478367494,-0.0175467407304988,0.0330227100377757,-0.0368535377523553,-0.235132218837542,-0.0273333909860597,-0.200615589686,-0.0036827946586609,-0.0670513140961288,-0.249382523413628,-0.722796298776605,0.358021152488456,0.102365180984692,0.676418096787058,-2.20204131428138,-2.53936223178462,-0.932752917407861,0.77207601890219,Topeng
0,0,0,3,3,0,0,3,3,0,0,0,7,0,0,0,3,0,0,3,5,0,3,3,4,5,6,6,7,1,8,2,8,1,1,8,Not tracked,Not tracked,Not tracked,Not tracked,Not tracked,Not tracked,Not tracked,Not tracked,Not tracked,Not tracked,Not tracked,Not tracked,Not tracked,Not tracked,Not tracked,Not tracked,Not tracked,Not tracked,Open,Open,Open,Open,Unknown,Unknown,Unknown,Unknown,Unknown,Unknown,Unknown,Unknown,Unknown,Unknown,Unknown,Unknown,Unknown,Unknown,Perut,Kepala,-0.0115038201014412,-0.0918841362688221,-0.0556595487898825,0.210254763287986,-0.0154874094647361,0.0595284086121605,-0.0374125982708988,-0.232087006078821,-0.0260370386385017,-0.205572655269056,-0.0101022998516295,-0.067140314280448,-0.321649514539267,-0.702855452743795,1.71220072644616,0.487537401303481,-0.48770700533739,-2.18381476924805,-0.385864989492349,1.51765609418364,0.78514368845959,Topeng
8,3,3,3,7,1,7,0,0,0,3,3,0,0,0,0,0,0,7,0,8,3,8,2,2,7,0,4,7,6,7,4,7,2,3,1,Not tracked,Not tracked,Unknown,Unknown,Lasso,Unknown,Unknown,Not tracked,Not tracked,Not tracked,Not tracked,Not tracked,Not tracked,Not tracked,Not tracked,Not tracked,Not tracked,Not tracked,Unknown,Unknown,Unknown,Unknown,Unknown,Unknown,Unknown,Unknown,Unknown,Unknown,Unknown,Unknown,Unknown,Unknown,Unknown,Unknown,Unknown,Unknown,Perut,Kepala,-0.0805973283361512,0.0466143295480883,-0.0751572096886078,0.167229298980222,-0.016541316929576,0.0230424557947822,-0.0393725721741917,-0.228669083502189,-0.0296121399621806,-0.20459924042414,-0.00805839721810081,-0.0640872309522347,-0.234490264292757,-0.756190429242883,-0.169646494971538,0.993498910064679,-0.532736962743508,-2.20845603624166,-1.90413612067203,0.407061804131901,0.797954464831208,Topeng
0,0,0,0,0,0,0,0,3,0,0,0,0,3,0,0,0,1,0,0,0,0,0,0,6,3,3,7,3,3,8,5,6,1,3,1,Not tracked,Not tracked,Not tracked,Not tracked,Not tracked,Not tracked,Not tracked,Not tracked,Not tracked,Not tracked,Not tracked,Not tracked,Unknown,Unknown,Unknown,Unknown,Not tracked,Not tracked,Unknown,Unknown,Unknown,Unknown,Unknown,Unknown,Unknown,Unknown,Unknown,Unknown,Unknown,Unknown,Unknown,Unknown,Unknown,Unknown,Unknown,Unknown,Perut,Dada,-0.0336277035648931,0.0926837313763357,0.045412299730872,-0.157021408361661,0.0139849634186229,-0.0310265984501449,-0.0469270158937276,-0.233018585652839,-0.0208225594433939,-0.203461090011782,-0.00855717770050281,-0.0690024230820065,-0.417624729563688,-0.42989417859008,-0.649426297205202,-0.192003146104216,-0.518958452679551,-2.2572825776774,-3.09589873533455,2.08182209454588,0.602655718457744,Topeng
1,1,2,1,1,8,8,8,8,7,7,7,7,7,4,1,1,4,5,4,3,3,2,1,8,8,7,7,7,7,7,7,6,5,5,5,Unknown,Not tracked,Not tracked,Not tracked,Not tracked,Unknown,Open,Open,Open,Closed,Open,Open,Open,Open,Open,Open,Open,Open,Unknown,Unknown,Not tracked,Not tracked,Not tracked,Not tracked,Unknown,Unknown,Unknown,Unknown,Unknown,Unknown,Unknown,Open,Open,Open,Open,Open,Perut,Dada,0.0535103415676419,-0.234925451906213,-0.0501274361185869,-0.0235283724544906,-0.0190559732383716,-0.0091951832902818,-0.0407479726637147,-0.244250516268134,0.0316438177932391,-0.0362072525003273,0.00920674506387491,-0.0169167339745002,-0.339100686932325,-0.02888594940528,2.07995109684926,1.33888303646102,1.45402940795009,-2.06769202615471,-0.480027789818522,-1.05449845414852,0.346287955400954,Bola
0,0,0,0,4,8,8,8,8,8,8,7,7,4,1,3,1,3,0,0,0,4,6,8,1,7,7,7,7,7,7,5,5,5,5,0,Not tracked,Not tracked,Not tracked,Not tracked,Not tracked,Not tracked,Unknown,Unknown,Unknown,Unknown,Open,Open,Open,Open,Open,Unknown,Not tracked,Not tracked,Not tracked,Not tracked,Not tracked,Not tracked,Not tracked,Not tracked,Unknown,Unknown,Unknown,Unknown,Unknown,Open,Open,Open,Open,Unknown,Not tracked,Not tracked,Perut,Perut,0.0623197317102123,-0.222914595886284,-0.121392428781072,-0.0667646770126247,-0.027751554812177,-0.0416443106469523,-0.0427985547962143,-0.231784736563004,0.0761567727164788,-0.0793390903472313,0.0344224095851076,-0.0326921314992917,-0.203863907970342,-0.0180246097057022,2.19282812902852,2.04336390258032,-0.0896573032176584,-2.11425297060221,-2.2331923840795,-0.951929399766624,0.234923396291136,Bola
8,7,3,0,1,7,7,3,4,7,7,0,0,0,7,0,0,0,8,0,1,5,7,7,7,6,5,0,0,5,0,0,0,0,0,0,Unknown,Unknown,Unknown,Unknown,Unknown,Unknown,Open,Open,Unknown,Unknown,Unknown,Unknown,Not tracked,Not tracked,Not tracked,Not tracked,Not tracked,Not tracked,Unknown,Unknown,Unknown,Unknown,Unknown,Unknown,Unknown,Unknown,Unknown,Unknown,Unknown,Not tracked,Not tracked,Not tracked,Not tracked,Not tracked,Not tracked,Not tracked,Perut,Perut,0.0658977703252837,-0.221747627663508,-0.0686497896883631,-0.114354574361462,-0.026326432078116,-0.0378234530735265,-0.0395221820776726,-0.224771798237861,0.0473932436865689,-0.124148308065201,0.0326228447106974,-0.0467414480972026,-0.285107330776954,-0.0235562391584917,2.2158486307934,2.327450189495,1.33843242407379,-2.08420413014232,-2.73111242067603,-1.89487639578281,0.287986324408092,Bola
0,8,0,8,0,0,0,5,8,8,8,8,8,7,7,4,1,1,8,0,0,0,0,0,8,4,1,7,1,7,7,7,7,6,5,4,Not tracked,Not tracked,Not tracked,Not tracked,Not tracked,Not tracked,Not tracked,Not tracked,Not tracked,Not tracked,Unknown,Unknown,Closed,Open,Open,Open,Open,Unknown,Not tracked,Not tracked,Not tracked,Not tracked,Not tracked,Not tracked,Not tracked,Not tracked,Not tracked,Unknown,Unknown,Unknown,Closed,Unknown,Open,Open,Open,Unknown,Perut,Perut,0.0673860491757023,-0.218381878546209,-0.0944069386024545,-0.0576209603989295,-0.0279535120021699,-0.0207728736964869,-0.0510978383910465,-0.224299216617718,0.0960387012135157,-0.0662263418907001,0.0478506345752972,-0.0249094846693667,-0.207919648077138,-0.015376562198847,2.21983723386048,1.89616939138617,0.978221909791492,-2.11609514260897,-2.07393677367775,-1.06418379811396,0.20960692371851,Bola
1,8,0,1,8,8,8,8,8,8,7,4,4,2,1,1,1,0,5,0,7,4,1,8,8,8,8,7,7,6,6,5,3,0,3,6,Not tracked,Not tracked,Not tracked,Not tracked,Not tracked,Not tracked,Unknown,Closed,Open,Open,Open,Open,Open,Open,Unknown,Not tracked,Not tracked,Not tracked,Not tracked,Not tracked,Not tracked,Not tracked,Not tracked,Not tracked,Unknown,Unknown,Unknown,Closed,Open,Open,Open,Open,Unknown,Unknown,Not tracked,Not tracked,Perut,Perut,0.0635385013659917,-0.219399496626284,-0.119011303850068,-0.0782672488999702,-0.0277209308889492,-0.0358548020471247,-0.0400304955108624,-0.225952756017159,0.0790566305892643,-0.0873951761636305,0.0429958509604249,-0.034025263463038,-0.194664434668809,-0.0134826822833013,2.2014504189249,2.04693774033056,0.0194547505040863,-2.07427542422095,-2.31581508582659,-1.18786816602798,0.228415654162023,Bola
1,1,4,8,8,8,8,7,3,4,1,1,3,0,8,8,8,8,1,5,4,1,8,7,7,7,6,4,5,5,3,0,0,0,7,0,Not tracked,Not tracked,Not tracked,Not tracked,Closed,Closed,Unknown,Open,Open,Open,Unknown,Not tracked,Not tracked,Not tracked,Not tracked,Not tracked,Not tracked,Not tracked,Not tracked,Not tracked,Not tracked,Not tracked,Closed,Unknown,Closed,Unknown,Open,Open,Unknown,Unknown,Not tracked,Not tracked,Not tracked,Not tracked,Not tracked,Not tracked,Perut,Perut,0.0559316250379442,-0.217205541572952,-0.0966392028847241,-0.0960629791361102,-0.0418811369691375,-0.0318293000568646,-0.0452786248753018,-0.221554243222699,0.0888626841830351,-0.0829831993378786,0.0492498847489007,-0.0412229239850844,-0.184574012074134,-0.000652296730091701,2.17149484404013,2.16423751458153,0.954908118265197,-2.10309510788013,-2.22449964155799,-0.759638739697492,0.205340896128123,Bola
0,0,0,5,0,3,1,5,8,8,8,7,7,4,1,1,2,0,0,5,0,5,1,8,1,5,1,8,7,7,7,6,6,4,4,5,Not tracked,Not tracked,Not tracked,Not tracked,Not tracked,Not tracked,Not tracked,Not tracked,Not tracked,Closed,Closed,Open,Open,Open,Open,Unknown,Unknown,Not tracked,Not tracked,Not tracked,Not tracked,Not tracked,Not tracked,Not tracked,Not tracked,Not tracked,Unknown,Closed,Closed,Unknown,Open,Open,Open,Unknown,Not tracked,Not tracked,Perut,Perut,0.0576647673621651,-0.216311265043693,-0.0912955334134645,-0.0821128605315587,-0.0519966982491427,-0.0189397027793574,-0.038202184024314,-0.226154284533964,0.105801741227306,-0.0748050888704966,0.0410902745763584,-0.0255895256662524,-0.165682611446504,-0.0125181193536137,2.17919428508647,2.09880248811856,0.916712118758655,-2.08732879954437,-2.14938630578884,-1.79699854778437,0.175068155584499,Bola
0,0,1,8,8,4,5,8,7,7,7,7,8,3,1,3,3,0,0,0,5,2,1,5,6,1,1,7,7,7,7,5,4,6,0,3,Not tracked,Not tracked,Not tracked,Not tracked,Not tracked,Not tracked,Not tracked,Closed,Unknown,Unknown,Unknown,Open,Open,Unknown,Unknown,Not tracked,Not tracked,Not tracked,Not tracked,Not tracked,Not tracked,Not tracked,Not tracked,Not tracked,Not tracked,Not tracked,Unknown,Unknown,Closed,Closed,Unknown,Unknown,Unknown,Unknown,Not tracked,Not tracked,Perut,Perut,0.0627129102045046,-0.221841979584547,-0.131980431483707,-0.0606142461258766,-0.0381110193958095,-0.0285816584105377,-0.0510611717784532,-0.216282063459277,0.10599449281187,-0.0748556969130694,0.05864139651601,-0.021821931268507,-0.132657850317958,-0.00868105887093371,2.2044025738405,1.86779169698889,0.478135805813582,-2.1675757907614,-2.02915023321398,-1.18641379477278,0.18922273846443,Bola
0,1,8,1,5,1,4,8,8,7,7,3,1,1,1,3,0,0,5,5,0,5,5,5,5,0,7,7,7,6,5,5,0,0,0,5,Not tracked,Not tracked,Not tracked,Not tracked,Not tracked,Not tracked,Not tracked,Closed,Closed,Unknown,Open,Open,Unknown,Unknown,Not tracked,Not tracked,Not tracked,Not tracked,Not tracked,Not tracked,Not tracked,Not tracked,Not tracked,Not tracked,Not tracked,Unknown,Unknown,Unknown,Unknown,Unknown,Unknown,Unknown,Not tracked,Not tracked,Not tracked,Not tracked,Perut,Perut,0.0664642475056807,-0.212551166099571,-0.116443900874547,-0.0752948401701632,-0.0563364172054392,-0.0227383794002927,-0.0416961436605126,-0.23239672398498,0.115999847022552,-0.0698571026920297,0.0310733721254447,-0.0242172758685696,-0.139518273619943,-0.0191300294130815,2.22587986314487,1.93800478875517,0.909535070022524,-2.10555772591128,-2.103774003766,-1.40001485980618,0.161528932038775,Bola
3,0,0,1,0,8,7,8,7,7,3,4,1,1,7,3,0,0,5,5,0,8,0,1,1,8,7,7,5,3,5,5,2,3,0,5,Not tracked,Not tracked,Not tracked,Not tracked,Not tracked,Not tracked,Open,Open,Open,Open,Open,Open,Unknown,Unknown,Not tracked,Not tracked,Not tracked,Not tracked,Not tracked,Not tracked,Not tracked,Not tracked,Not tracked,Closed,Closed,Unknown,Unknown,Unknown,Open,Open,Open,Not tracked,Not tracked,Not tracked,Not tracked,Not tracked,Perut,Perut,0.0679573402084912,-0.219515310169433,-0.106290108357626,-0.0843137455602823,-0.0404537893668178,-0.0206316216500081,-0.0369915595461254,-0.222844353444027,0.0904444401950708,-0.0761071417414453,0.0261409270034846,-0.0237282576630158,-0.195542174267221,-0.00442027859480782,2.22128389113728,2.01185704089588,0.846271761498819,-2.10730555492955,-2.30233516764128,-0.822613384920322,0.208002758264458,Bola
8,0,8,0,8,8,7,8,8,8,8,7,8,1,1,2,3,0,0,0,0,0,8,1,7,7,7,8,7,7,7,4,5,6,4,5,Not tracked,Not tracked,Not tracked,Not tracked,Not tracked,Unknown,Unknown,Open,Open,Open,Open,Open,Open,Open,Unknown,Unknown,Not tracked,Not tracked,Not tracked,Not tracked,Not tracked,Not tracked,Not tracked,Not tracked,Closed,Unknown,Open,Unknown,Open,Open,Open,Open,Unknown,Not tracked,Not tracked,Not tracked,Perut,Perut,0.0618877038946803,-0.223042091949151,-0.119063614121045,-0.0684531595988967,-0.0308459385935227,-0.0405731006013891,-0.0465830988762813,-0.225634565373445,0.0777901233387519,-0.077947420603929,0.0248928035278746,-0.0264924516017504,-0.206542838174089,-0.00234500773874466,2.18859991869539,2.02939369936446,-0.396795802937034,-2.14454247148671,-1.94444937532225,-0.28830725777019,0.237299745648645,Bola
0,8,1,0,0,0,0,5,5,8,7,7,7,7,2,1,2,3,0,1,4,0,1,3,5,4,5,1,8,8,7,7,0,5,0,0,Not tracked,Not tracked,Not tracked,Not tracked,Not tracked,Not tracked,Not tracked,Not tracked,Not tracked,Not tracked,Closed,Open,Open,Open,Open,Unknown,Unknown,Not tracked,Not tracked,Not tracked,Not tracked,Not tracked,Not tracked,Not tracked,Not tracked,Not tracked,Not tracked,Not tracked,Unknown,Unknown,Open,Open,Unknown,Unknown,Unknown,Not tracked,Perut,Perut,0.0600524362192967,-0.21425116922081,-0.153307322614474,-0.0688459210999693,-0.0453012760720423,-0.0366825861278164,-0.0504606416354523,-0.221267626815929,0.122994170092743,-0.0754985394612203,0.0379136889868854,-0.0251803458778264,-0.104348412171502,-0.00617625021496513,2.19200730111954,1.87951557303566,-0.423940727517352,-2.15622477077557,-2.02302502329579,-0.551323104856677,0.161802204217725,Bola
8,1,3,1,1,0,8,8,8,7,7,8,7,7,3,3,2,2,8,1,1,5,0,6,1,1,8,7,8,7,7,7,5,6,6,5,Not tracked,Not tracked,Not tracked,Not tracked,Not tracked,Not tracked,Not tracked,Unknown,Unknown,Unknown,Unknown,Open,Open,Open,Open,Open,Unknown,Unknown,Not tracked,Not tracked,Not tracked,Not tracked,Not tracked,Not tracked,Not tracked,Not tracked,Closed,Open,Unknown,Unknown,Closed,Open,Open,Open,Unknown,Unknown,Perut,Perut,0.0605570121172027,-0.220951421367245,-0.127314092294847,-0.0671901644749992,-0.0265361465575567,-0.0237967385035505,-0.0458461289343181,-0.223090767411554,0.106472060280354,-0.0737638483183673,0.0213309358051913,-0.0229216762743841,-0.179287455893653,-0.0123937847281935,2.18551032356107,1.93638786179494,-0.262408233650438,-2.13701097943765,-2.13242931433759,-0.271162680505218,0.201719354434646,Bola
8,8,7,8,8,8,8,7,3,4,1,1,1,2,0,0,0,0,8,7,0,1,8,7,7,7,6,6,5,5,0,5,0,0,0,0,Not tracked,Unknown,Closed,Open,Open,Open,Open,Open,Open,Open,Unknown,Unknown,Unknown,Not tracked,Not tracked,Not tracked,Not tracked,Not tracked,Not tracked,Not tracked,Unknown,Unknown,Unknown,Open,Open,Open,Open,Open,Open,Unknown,Unknown,Not tracked,Not tracked,Not tracked,Not tracked,Not tracked,Perut,Perut,0.0555710281143668,-0.22780420614909,-0.0752031692304124,-0.116588615679861,-0.0246260040710432,-0.032605464958432,-0.0368290591370644,-0.230919187983654,0.0474020016744543,-0.10593788467551,0.0142036371056998,-0.0298033798965107,-0.286646873774824,0.00604461709088351,2.15012997565424,2.40524164539467,1.08058213497732,-2.09638619577528,-1.60710135142353,0.302398626833683,0.28800729528509,Bola
0,0,1,0,3,4,3,3,8,8,8,8,7,3,4,1,1,0,0,0,3,0,0,4,5,5,8,1,7,8,7,6,6,5,0,3,Not tracked,Not tracked,Not tracked,Not tracked,Not tracked,Not tracked,Not tracked,Not tracked,Unknown,Open,Open,Open,Open,Open,Open,Unknown,Not tracked,Not tracked,Not tracked,Not tracked,Not tracked,Not tracked,Not tracked,Not tracked,Not tracked,Not tracked,Not tracked,Closed,Unknown,Open,Open,Open,Open,Unknown,Unknown,Not tracked,Perut,Perut,0.0593214174476213,-0.214661227948586,-0.122366754700845,-0.0576830171022184,-0.0512396112241957,-0.018961262915512,-0.0488008071982518,-0.22196997744399,0.10187227782429,-0.068220496796542,0.0209501010307139,-0.0236056494415697,-0.171573524271523,-0.0195543161919199,2.1912562619447,1.85429026837071,0.667276086351202,-2.10613431566668,-1.31828420961187,0.0708496790977018,0.194622491964526,Bola
0,1,1,5,8,8,8,0,0,8,8,8,0,8,8,8,8,8,7,1,0,5,1,3,1,7,0,1,1,1,1,1,1,1,1,1,Not tracked,Not tracked,Not tracked,Not tracked,Unknown,Unknown,Unknown,Unknown,Unknown,Unknown,Unknown,Unknown,Open,Open,Open,Open,Open,Open,Not tracked,Not tracked,Not tracked,Not tracked,Not tracked,Unknown,Unknown,Unknown,Unknown,Unknown,Unknown,Open,Unknown,Open,Open,Open,Open,Open,Perut,Perut,0.0758144838179895,-0.233462811887461,-0.0764546320750235,-0.0232689726972838,-0.0122566558673388,0.00363996491901356,-0.0749666890888403,-0.225610277151222,0.0369964521617858,-0.0571727915776817,0.00419305836196427,-0.00704460137337694,-0.369488153451987,-0.0308209532275533,2.23950227361508,0.819378818184453,0.585444623054598,-2.21279766372983,-0.853742285572282,0.934428524749729,0.373511268749242,Besar
7,0,7,3,7,8,3,7,8,8,8,8,8,8,8,8,8,8,0,3,2,4,0,0,4,1,1,1,1,1,1,0,1,1,1,1,Not tracked,Not tracked,Not tracked,Not tracked,Not tracked,Not tracked,Not tracked,Unknown,Unknown,Unknown,Unknown,Unknown,Unknown,Unknown,Unknown,Open,Open,Open,Not tracked,Not tracked,Not tracked,Not tracked,Not tracked,Not tracked,Not tracked,Unknown,Unknown,Open,Unknown,Unknown,Unknown,Unknown,Unknown,Open,Open,Open,Perut,Perut,0.0832170689949442,-0.218151744774652,-0.0976792953354173,-0.0764796936860357,-0.0247849071074261,-0.0182322231966941,-0.0795824080302455,-0.221822507698645,0.0746387903378274,-0.0799214664327134,0.0267831405100546,-0.0190845722603716,-0.288596893151444,-0.0178005820340987,2.28407531655748,1.84502891493402,0.0438448981755496,-2.31656179560157,-1.8281197834947,-0.0342718074984803,0.290250984331481,Besar
0,0,0,0,0,0,8,0,5,8,8,8,8,8,8,8,8,8,0,0,0,0,0,7,1,0,3,1,1,2,1,1,1,1,1,1,Not tracked,Not tracked,Not tracked,Not tracked,Not tracked,Not tracked,Not tracked,Not tracked,Unknown,Unknown,Unknown,Unknown,Unknown,Open,Open,Open,Open,Open,Not tracked,Not tracked,Not tracked,Not tracked,Not tracked,Not tracked,Not tracked,Not tracked,Unknown,Open,Open,Unknown,Open,Open,Open,Open,Open,Open,Perut,Perut,0.0828671408054151,-0.213837548465963,-0.0707688693148727,-0.0832355470468343,-0.0317995807529841,-0.0155064506443526,-0.068043955778618,-0.239772847436074,0.0617955219538285,-0.0547200407342421,0.0146328650141682,-0.0208079047850103,-0.321627691476429,-0.00855001616761385,2.29177304096371,1.28409418040797,1.28319865328333,-2.22565140154623,-0.823246735416408,1.42083697831198,0.323022916918031,Besar
0,0,0,8,8,8,8,8,8,8,8,8,8,8,8,8,4,4,7,0,0,0,2,1,1,3,1,1,1,1,1,2,1,0,5,5,Not tracked,Not tracked,Not tracked,Not tracked,Not tracked,Unknown,Unknown,Unknown,Open,Open,Open,Open,Open,Open,Open,Open,Open,Open,Not tracked,Not tracked,Not tracked,Not tracked,Not tracked,Unknown,Unknown,Unknown,Open,Open,Open,Open,Open,Open,Open,Open,Open,Open,Perut,Perut,0.0817463094668171,-0.23621770967961,-0.0191880241476353,-0.0573120985290788,-0.000327766132027338,-0.0120974014067876,-0.072445665438295,-0.233049245762113,-0.0263390132790603,-0.086242223353729,0.0106842462503935,-0.00474466402180584,-0.497545213652123,-0.0202375004491004,2.25615573251927,0.0626737933309496,-1.18452904867096,-2.22821526965219,-0.167861004166796,0.890286660897316,0.498582436998505,Besar
0,3,0,0,0,5,8,5,8,8,8,8,8,8,8,8,8,8,7,0,0,0,2,4,1,4,1,1,1,2,1,1,1,1,2,1,Not tracked,Not tracked,Not tracked,Not tracked,Not tracked,Not tracked,Unknown,Open,Open,Open,Open,Open,Open,Open,Open,Open,Open,Open,Not tracked,Not tracked,Not tracked,Not tracked,Not tracked,Not tracked,Not tracked,Unknown,Unknown,Unknown,Open,Open,Open,Open,Open,Open,Open,Open,Perut,Perut,0.0739373974851894,-0.2210060474911,-0.0441441117818788,-0.0715920027369188,-0.0177868823925563,-0.0200582611501886,-0.0570123795955082,-0.241473590160059,0.0248239162978039,-0.0723956173153814,0.00390789572917759,-0.0148540184450502,-0.389931811490337,-0.0161177083458083,2.24412198518852,0.674843184802368,-0.397536958569901,-2.1490700012174,-0.289922991133528,1.48436270124919,0.391431922327064,Besar
0,0,0,0,7,8,6,8,8,8,8,8,8,8,8,8,8,8,0,0,0,3,8,0,5,0,1,1,1,1,1,1,1,1,1,1,Not tracked,Not tracked,Not tracked,Not tracked,Not tracked,Not tracked,Not tracked,Unknown,Unknown,Unknown,Unknown,Open,Open,Open,Open,Open,Open,Open,Not tracked,Not tracked,Not tracked,Not tracked,Not tracked,Not tracked,Unknown,Not tracked,Unknown,Unknown,Unknown,Unknown,Unknown,Open,Open,Open,Open,Open,Perut,Perut,0.0651093721523664,-0.218639056874753,-0.0553928919939411,-0.0675442222982477,-0.0163274133997932,-0.0236127294763941,-0.0610281216554308,-0.235874266393335,0.0429117754527168,-0.0575665449254273,0.0053863304369216,-0.0179126116234736,-0.355831439208065,-0.00628104745405023,2.20868250135389,0.781588667400763,-1.47092786158281,-2.19522156794688,-0.657853054192146,2.40652152479756,0.356411696181651,Besar
7,0,0,0,0,6,7,8,8,8,8,8,8,7,8,8,8,8,7,0,0,0,5,5,1,2,1,1,1,2,1,1,1,2,1,1,Not tracked,Not tracked,Not tracked,Not tracked,Not tracked,Not tracked,Not tracked,Open,Unknown,Open,Open,Open,Open,Open,Open,Open,Open,Open,Not tracked,Not tracked,Not tracked,Not tracked,Not tracked,Not tracked,Not tracked,Unknown,Unknown,Unknown,Open,Open,Open,Open,Open,Open,Open,Open,Perut,Perut,0.0818085936708991,-0.223851084913188,-0.0470942469998317,-0.0649317839527291,-0.0182313170388831,-0.0145447980410109,-0.0700285589348731,-0.233218729622037,0.0203586604292421,-0.0660435151368174,0.0123718425121367,-0.00744201698954094,-0.405717539978002,-0.0135078068737236,2.27260045519365,0.910055138283683,-0.368817612548439,-2.25469752234041,-0.506911428994866,0.302452741981475,0.407020524450427,Besar
3,7,0,0,8,8,7,8,8,8,8,8,8,8,8,8,8,8,0,0,0,0,0,0,7,1,1,3,1,1,1,1,1,1,1,2,Not tracked,Not tracked,Not tracked,Not tracked,Not tracked,Unknown,Not tracked,Open,Unknown,Open,Open,Open,Open,Open,Open,Open,Open,Open,Not tracked,Not tracked,Not tracked,Not tracked,Not tracked,Not tracked,Not tracked,Unknown,Unknown,Unknown,Unknown,Open,Open,Open,Open,Open,Open,Open,Perut,Perut,0.0783835720464139,-0.216495863469811,-0.0810303957499953,-0.0273592162209091,-0.0257842032510801,0.020984866721083,-0.0680563488593021,-0.231478298045057,0.00973218501192339,-0.0604456531982449,0.00589921784755935,-0.0124289449163761,-0.373492153888278,-0.0839863279687145,2.28447364044049,0.384419652127588,0.155268792402962,-2.20107757203476,-0.245007789401628,1.2362310514048,0.459562169223603,Besar
0,8,8,0,8,8,8,8,8,8,8,8,8,8,8,8,8,3,0,0,0,0,2,1,1,1,1,2,1,1,1,1,0,8,0,5,Open,Open,Open,Open,Open,Open,Open,Open,Open,Open,Open,Open,Open,Open,Open,Open,Open,Open,Unknown,Unknown,Unknown,Open,Unknown,Open,Open,Open,Open,Open,Open,Open,Open,Open,Open,Unknown,Unknown,Unknown,Perut,Perut,0.0866217658901782,-0.235458218429717,0.0183047112291668,-0.0507599782283586,0.0226171054652478,-0.00413930925774769,-0.0957793430238695,-0.221429952723474,-0.0550074393052243,-0.0839012681443957,-0.0376139106153456,-0.0147896929143438,-0.667041448719119,-0.0398329535546865,2.27299779413511,-0.499481390580582,-1.07119281912323,-2.37560875101932,0.671264035306988,2.11222790432855,0.670575728836921,Besar
0,0,0,7,7,0,0,0,8,8,8,8,8,8,8,8,8,8,0,0,0,0,0,0,0,0,1,1,1,1,1,1,1,1,1,1,Not tracked,Not tracked,Not tracked,Not tracked,Not tracked,Not tracked,Not tracked,Not tracked,Unknown,Unknown,Open,Open,Open,Open,Open,Open,Open,Open,Not tracked,Not tracked,Not tracked,Not tracked,Not tracked,Not tracked,Not tracked,Not tracked,Not tracked,Unknown,Unknown,Unknown,Unknown,Open,Open,Open,Open,Open,Perut,Perut,0.0735172712747272,-0.242096061623048,-0.0600470913547454,-0.0661322216174544,-0.0107606359592987,-0.0170594252571597,-0.0693272039728853,-0.243095276464541,0.0362497933526327,-0.067052813004011,0.0128440580384626,-0.0179108248031762,-0.372695595797753,-0.00499535982096351,2.22048250018732,0.908267326008035,-0.800563780160127,-2.20060489784233,-0.675272765424289,-0.374841647729644,0.373033481348639,Besar
0,0,0,0,0,8,8,8,8,8,8,8,8,8,8,8,8,8,0,0,0,1,1,8,1,1,1,1,1,1,1,1,1,1,3,8,Not tracked,Not tracked,Not tracked,Not tracked,Not tracked,Unknown,Unknown,Open,Open,Open,Open,Open,Open,Open,Open,Open,Open,Open,Not tracked,Not tracked,Not tracked,Not tracked,Not tracked,Not tracked,Unknown,Unknown,Open,Open,Open,Open,Open,Open,Open,Open,Open,Open,Perut,Perut,0.0862088130909647,-0.240613779489529,-0.0261124192042985,-0.0685036728227071,0.00220109344557503,-0.0157516507015878,-0.0902590889992469,-0.227030424346237,-0.0176041724068713,-0.0793625781390003,-0.0046432206100427,-0.0199419673556438,-0.525352655438826,-0.00430542666169343,2.26391388647707,0.0023887192847025,-0.56448503350941,-2.31006610560116,0.0159921453776247,0.916508059190225,0.525527605212472,Besar
0,0,0,0,0,0,0,8,8,8,7,8,8,8,8,8,8,8,0,0,0,0,0,7,0,7,3,1,1,1,1,2,1,1,1,1,Not tracked,Not tracked,Not tracked,Not tracked,Not tracked,Not tracked,Not tracked,Not tracked,Unknown,Open,Open,Open,Open,Open,Open,Open,Open,Open,Not tracked,Not tracked,Not tracked,Not tracked,Not tracked,Not tracked,Not tracked,Not tracked,Unknown,Unknown,Unknown,Unknown,Open,Open,Open,Open,Open,Open,Perut,Perut,0.0757280225858602,-0.242239271652487,-0.0623920116445638,-0.0880139909117419,-0.0110499696265118,-0.019048656963933,-0.0591738635833124,-0.241584178454062,0.0281221063220314,-0.0813711827260833,0.019871021649721,-0.0324983879821012,-0.363204240428856,-0.0162307062961582,2.22151611504797,1.36600364964608,-0.456702538412332,-2.2104890013307,-1.08530126509044,0.12366884915792,0.363953066465325,Besar
0,0,3,0,3,0,0,0,8,8,8,8,8,8,8,8,8,8,0,1,5,0,0,1,0,0,1,0,1,1,1,1,1,1,1,2,Not tracked,Not tracked,Not tracked,Not tracked,Not tracked,Not tracked,Not tracked,Not tracked,Not tracked,Open,Unknown,Open,Open,Open,Open,Open,Open,Open,Not tracked,Not tracked,Not tracked,Not tracked,Not tracked,Not tracked,Not tracked,Not tracked,Not tracked,Unknown,Unknown,Unknown,Open,Open,Open,Open,Open,Open,Perut,Perut,0.076548000627385,-0.244228868657014,-0.0678442225456823,-0.0802226108586595,-0.0205847213785142,-0.023306907137887,-0.053865940655092,-0.245321782734835,0.0382811696200564,-0.0930936439646134,0.0186075283791589,-0.0375693996661695,-0.334811228900802,-0.0362841862860044,2.22244257759969,1.335211091125,-1.52027581010653,-2.17550839330483,-1.09767643082528,0.807267725149523,0.338514425904901,Besar
0,0,0,0,0,0,0,8,8,8,8,8,8,8,8,7,8,8,0,0,0,0,0,0,0,1,1,1,1,2,1,1,1,1,1,2,Not tracked,Not tracked,Not tracked,Not tracked,Not tracked,Not tracked,Not tracked,Unknown,Unknown,Unknown,Open,Unknown,Open,Open,Open,Open,Open,Open,Not tracked,Not tracked,Not tracked,Not tracked,Not tracked,Not tracked,Not tracked,Not tracked,Unknown,Unknown,Unknown,Open,Open,Open,Open,Open,Open,Open,Perut,Perut,0.0801818889063163,-0.241784135240473,-0.0491067839596023,-0.0741728503016294,-0.0111273533716254,-0.020091858531608,-0.0662184983515304,-0.237925605075968,0.0207855880450016,-0.0825859345545726,0.00801687578830996,-0.0229880388796158,-0.406800311913911,-0.0176745607301668,2.23996154953734,1.11996924397584,-0.730131093145814,-2.24161532828321,-0.505983647955604,0.102795410512986,0.407408719310079,Besar
8,0,0,8,0,8,8,8,8,8,8,8,8,8,8,8,8,8,7,7,3,0,3,1,1,1,1,1,7,1,1,1,1,1,1,1,Not tracked,Not tracked,Not tracked,Not tracked,Not tracked,Not tracked,Not tracked,Unknown,Unknown,Unknown,Unknown,Open,Open,Open,Open,Open,Open,Open,Not tracked,Not tracked,Not tracked,Not tracked,Not tracked,Not tracked,Unknown,Unknown,Unknown,Unknown,Open,Open,Open,Unknown,Unknown,Open,Open,Open,Perut,Perut,0.0780606080251755,-0.238660670423347,-0.0577529662211001,-0.0717825791750453,-0.0158646487047674,-0.0211136627369891,-0.0676727360653203,-0.235497933474333,0.0258551552234723,-0.0742384981820715,0.00688935766078638,-0.024249667746656,-0.389077786442053,-0.011046515575838,2.23726664629286,1.49396944151111,-0.787982383220719,-2.24102881609627,-0.595464928509213,1.13449417630289,0.389326243537277,Besar
8,0,0,1,1,1,8,8,8,8,8,7,7,7,7,7,7,7,7,0,0,6,5,5,1,1,8,8,7,7,7,7,7,7,7,7,Unknown,Unknown,Open,Unknown,Unknown,Not tracked,Not tracked,Not tracked,Open,Open,Open,Unknown,Unknown,Closed,Open,Open,Open,Open,Open,Unknown,Open,Open,Not tracked,Not tracked,Not tracked,Unknown,Open,Open,Open,Unknown,Unknown,Unknown,Unknown,Unknown,Unknown,Unknown,Dada,Dada,0.0493905724451438,-0.193296129733982,-0.0671598046172528,0.0602282616895821,-0.0171073513529102,0.0258023982573059,-0.0968797982240367,-0.174874942596509,0.0390515320895409,0.0568267083838314,0.00685803771279962,0.0246041758959262,-0.362474382956724,-0.00752906987710661,2.20183622207011,0.876697883381304,-0.129272980259829,-2.62484443089107,0.882882697591351,-1.66187768052376,0.362945827555029,Bingkai
8,7,0,0,8,2,8,8,8,7,7,7,7,7,4,1,1,1,0,0,0,0,1,1,1,1,8,7,7,7,7,7,5,5,5,5,Not tracked,Not tracked,Not tracked,Not tracked,Not tracked,Not tracked,Not tracked,Open,Open,Unknown,Unknown,Closed,Open,Open,Unknown,Open,Open,Open,Not tracked,Not tracked,Not tracked,Not tracked,Not tracked,Not tracked,Open,Open,Open,Open,Unknown,Unknown,Unknown,Open,Open,Open,Open,Not tracked,Dada,Dada,0.036927515901254,-0.218424892492611,-0.0760322167949236,0.0408396739358217,-0.0207529819820253,0.0126611777293696,-0.0546355499506677,-0.210968748405459,0.0649736536691539,0.0285229641217731,0.0160238343809111,0.0142945604415535,-0.257846510637687,-0.0127091408299196,2.1698233740043,1.10778400380239,-0.880695151812741,-2.31849912265605,-0.11456878706717,-0.686441022269776,0.260724591984395,Bingkai
0,0,0,0,8,7,8,8,8,8,8,8,7,7,7,7,0,1,0,0,1,0,1,1,1,1,1,1,7,7,7,7,7,7,0,5,Not tracked,Not tracked,Not tracked,Not tracked,Not tracked,Not tracked,Open,Open,Open,Open,Open,Open,Unknown,Unknown,Closed,Closed,Closed,Open,Not tracked,Not tracked,Not tracked,Not tracked,Not tracked,Not tracked,Open,Open,Open,Open,Open,Open,Open,Unknown,Unknown,Unknown,Unknown,Unknown,Dada,Dada,0.0510257643305904,-0.190234024791461,-0.0790564504665257,0.118634435387106,-0.0214098050550563,0.0347961438258158,-0.0601287652764075,-0.198638020789041,0.049304823713032,0.125792304558938,0.0151673287328031,0.0328970711233765,-0.282440180851047,-0.00840858724527555,2.33223034000317,0.126716391981234,1.35003718474402,-2.3800888962007,0.199591058126298,-0.330049329080505,0.300823067708202,Bingkai
1,8,0,0,0,0,8,8,8,8,7,8,7,7,7,8,0,1,8,0,0,0,3,5,1,1,7,1,8,7,7,7,7,0,5,4,Not tracked,Not tracked,Not tracked,Not tracked,Not tracked,Not tracked,Not tracked,Not tracked,Open,Open,Open,Open,Open,Open,Open,Open,Unknown,Unknown,Not tracked,Not tracked,Not tracked,Not tracked,Not tracked,Not tracked,Not tracked,Open,Open,Open,Open,Open,Open,Open,Unknown,Unknown,Closed,Unknown,Dada,Dada,0.0380840490091831,-0.188339834021985,-0.0849737902907368,0.10773984542742,-0.0214280501404182,0.0292998928840504,-0.036948021257678,-0.208295500577473,0.0588695784364731,0.104883119571082,0.00208798135368897,0.0356360297534271,-0.243401116134751,-0.0202335718679243,2.29574183530801,0.161177248013388,1.64611416838525,-2.26022425373388,0.250720972601371,-0.797144335805815,0.248464060629076,Bingkai
0,1,0,0,8,8,8,8,8,8,3,1,1,1,1,1,3,5,0,0,0,3,8,1,1,1,7,7,6,5,5,5,5,5,5,5,Not tracked,Not tracked,Not tracked,Not tracked,Not tracked,Not tracked,Open,Open,Open,Unknown,Unknown,Open,Unknown,Unknown,Not tracked,Not tracked,Not tracked,Not tracked,Not tracked,Not tracked,Not tracked,Not tracked,Not tracked,Open,Open,Open,Open,Unknown,Unknown,Unknown,Unknown,Unknown,Unknown,Not tracked,Not tracked,Not tracked,Dada,Dada,0.062446779139144,-0.177453884278389,-0.0962492719525204,0.0818816623729839,-0.016428556948345,0.0330361081356681,-0.0301930005904911,-0.190230430571597,0.0608019327343465,0.0845800866547523,0.0145024439264914,0.0271010008264841,-0.235650031003743,-0.0144509325518868,2.55768030731453,0.557447905608478,0.755898086015164,-2.30764739905893,-0.175101097964166,-0.424414063055141,0.240879617507153,Bingkai
0,0,0,0,0,5,7,8,8,8,0,7,7,8,7,7,7,1,0,0,8,0,3,4,2,1,1,1,0,7,7,7,7,7,7,5,Not tracked,Not tracked,Not tracked,Not tracked,Not tracked,Not tracked,Not tracked,Not tracked,Open,Open,Open,Open,Open,Unknown,Open,Unknown,Unknown,Open,Not tracked,Not tracked,Not tracked,Not tracked,Not tracked,Not tracked,Not tracked,Open,Open,Open,Open,Open,Open,Open,Open,Unknown,Unknown,Unknown,Dada,Dada,0.0700679660871985,-0.162984830118844,-0.0840624797764589,0.10505226839925,-0.0240674599152318,0.0442510030037686,-0.0380609166830692,-0.176950845293655,0.058077831464843,0.121793891295965,0.0145695123312914,0.0349194722451801,-0.269601389750104,0.00237636298466981,2.66904576797285,0.202245512732727,2.22355973803072,-2.34693341149719,0.01570982364811,0.0824646960663225,0.271093356811223,Bingkai
0,0,0,0,8,8,8,8,7,7,3,0,1,1,1,1,2,5,1,1,1,1,8,1,8,7,7,7,6,5,4,5,4,4,1,5,Not tracked,Not tracked,Not tracked,Not tracked,Not tracked,Open,Open,Open,Unknown,Closed,Open,Open,Unknown,Unknown,Unknown,Not tracked,Not tracked,Not tracked,Not tracked,Not tracked,Not tracked,Not tracked,Not tracked,Open,Open,Open,Open,Unknown,Unknown,Unknown,Unknown,Unknown,Unknown,Not tracked,Not tracked,Not tracked,Dada,Dada,0.0433352212802,-0.178971800836635,-0.0903906244382349,0.0568070074555348,-0.0223352072198676,0.0195625278612158,-0.0327239143523075,-0.199081967924824,0.0596688286518012,0.0664387192026657,0.00457137534253587,0.0187477631179217,-0.242211149715281,-0.0135451010282036,2.33415667138207,0.877386817651252,1.5182246598616,-2.26625816300561,-0.468501717757545,-0.458059512367959,0.242935553859611,Bingkai
0,0,6,6,1,1,8,8,8,7,7,3,4,1,2,1,1,1,0,0,5,4,8,2,2,1,7,7,7,6,5,4,5,5,4,5,Not tracked,Not tracked,Not tracked,Not tracked,Not tracked,Not tracked,Not tracked,Open,Open,Open,Open,Open,Open,Open,Open,Unknown,Unknown,Not tracked,Not tracked,Not tracked,Not tracked,Not tracked,Not tracked,Not tracked,Unknown,Open,Open,Open,Open,Open,Open,Unknown,Unknown,Unknown,Not tracked,Not tracked,Dada,Dada,0.0448148672577834,-0.174971438912129,-0.0775108506788398,0.0863001946515426,-0.0275648668672186,0.0327656257739227,-0.028964553176453,-0.179418943553467,0.0402685785736611,0.0885121866445185,0.0120714270928482,0.0235763267532756,-0.253950309714313,-0.0106540305841168,2.45273776119142,0.228903899889608,1.11339329063615,-2.29354200288625,-0.0310882747412856,-0.139219714488182,0.25582315013988,Bingkai
1,1,1,1,8,8,8,8,3,3,7,7,1,1,1,1,1,1,0,5,5,4,1,1,8,7,6,6,7,7,5,5,5,5,5,5,Open,Open,Open,Not tracked,Not tracked,Open,Open,Open,Open,Open,Open,Open,Open,Unknown,Unknown,Closed,Unknown,Not tracked,Open,Open,Open,Not tracked,Not tracked,Open,Open,Open,Open,Open,Open,Unknown,Unknown,Unknown,Unknown,Unknown,Not tracked,Not tracked,Dada,Dada,0.057911524090494,-0.176526984414226,-0.0479864125188567,0.0918416720736539,-0.00909902407964496,0.0289657118270534,-0.0533045709215682,-0.185539415098707,0.0130630160714906,0.0880142274067922,-0.00272023813630977,0.0267660090764799,-0.379276397492064,-0.0211292786273366,2.42128924996488,0.0733102626464107,1.54920502310956,-2.3808689417162,0.281690030691558,-0.923205708716775,0.380482574533197,Bingkai
0,2,0,8,8,8,8,7,8,7,7,3,4,1,1,1,4,0,7,7,3,1,1,1,1,7,7,7,7,6,5,5,5,5,5,1,Not tracked,Not tracked,Not tracked,Not tracked,Not tracked,Open,Open,Open,Open,Open,Open,Open,Open,Closed,Closed,Unknown,Not tracked,Not tracked,Not tracked,Not tracked,Not tracked,Not tracked,Open,Open,Open,Open,Open,Open,Open,Unknown,Unknown,Closed,Unknown,Unknown,Not tracked,Not tracked,Dada,Dada,0.0552197645580693,-0.180459082900395,-0.0760551781255238,0.0767178242242682,-0.0160860840022124,0.0380268253285293,-0.0367584603033769,-0.185709428197186,0.0398073060019858,0.0930003952057443,0.00742443782954695,0.0329657224743467,-0.286368788819224,-0.00503136885075935,2.46008019630456,0.399395976196557,1.92253656025476,-2.36065220813953,0.0314802301403691,-1.90595814700963,0.288510442903604,Bingkai
1,0,8,8,8,8,8,8,7,7,7,8,3,4,1,1,1,1,5,5,1,1,1,1,1,0,7,7,7,7,6,5,5,4,3,5,Open,Not tracked,Open,Open,Open,Open,Open,Open,Open,Open,Open,Open,Open,Open,Open,Unknown,Unknown,Not tracked,Open,Not tracked,Not tracked,Open,Open,Open,Open,Open,Open,Open,Open,Open,Open,Open,Unknown,Unknown,Unknown,Not tracked,Dada,Dada,0.0632005490155019,-0.181957196747233,-0.0282237549479312,0.0921310506728963,-0.00628016900006145,0.0260563007035703,-0.0474099572306494,-0.185991928561033,0.0105502029444996,0.0967500109779374,-0.00396043228251259,0.0206379367353985,-0.396843577467201,-0.0168064269125211,2.44541860711935,-0.516700071890636,1.44977723599872,-2.41556852681872,0.357425736384378,-0.694900425187903,0.397368358271091,Bingkai
0,0,0,0,0,8,3,7,8,8,8,7,7,8,7,3,1,1,0,0,5,1,0,0,1,1,2,1,7,7,7,7,7,6,5,5,Not tracked,Not tracked,Not tracked,Not tracked,Not tracked,Not tracked,Not tracked,Not tracked,Open,Open,Open,Open,Open,Open,Open,Unknown,Closed,Unknown,Not tracked,Not tracked,Not tracked,Not tracked,Not tracked,Not tracked,Not tracked,Not tracked,Unknown,Open,Open,Open,Open,Open,Unknown,Unknown,Unknown,Unknown,Dada,Dada,0.0587000152504306,-0.17033214435409,-0.0835617709707759,0.121170306963136,-0.0223966713611128,0.0412793416862103,-0.048816943256407,-0.174888664682251,0.0589041723040139,0.115465278082721,0.00683443243659687,0.0461288315759833,-0.277134543818533,-0.0179668451920145,2.56430354706024,0.0868264192977508,1.59023209015258,-2.4950819674574,-0.0404229434072485,-2.49951122404374,0.278289085616638,Bingkai
0,0,0,0,3,8,8,8,8,7,7,7,8,8,7,8,1,1,7,4,0,0,1,1,1,1,1,1,7,7,7,7,7,0,5,4,Not tracked,Not tracked,Not tracked,Not tracked,Not tracked,Not tracked,Not tracked,Open,Open,Open,Open,Open,Open,Unknown,Unknown,Unknown,Closed,Closed,Not tracked,Not tracked,Not tracked,Not tracked,Not tracked,Not tracked,Open,Open,Open,Open,Open,Open,Open,Unknown,Closed,Unknown,Unknown,Unknown,Dada,Dada,0.0685750004236231,-0.16723144845428,-0.0781544936380771,0.116976952971198,-0.021733240871142,0.0464244261579503,-0.042467137312678,-0.192358018463396,0.0505251158973337,0.126262924391187,0.0113009564565721,0.0398924675437773,-0.279087070661626,-0.0185546345886671,2.61171218661419,0.0929828789682045,1.52680919756288,-2.36409465407771,0.15253322655181,0.061839718059414,0.279958507743465,Bingkai
0,0,0,0,4,8,8,8,8,7,7,8,8,7,7,1,1,1,0,0,5,0,3,8,1,1,1,7,7,7,7,7,7,3,5,4,Not tracked,Not tracked,Not tracked,Not tracked,Not tracked,Not tracked,Open,Open,Open,Open,Open,Unknown,Open,Open,Open,Unknown,Unknown,Unknown,Not tracked,Not tracked,Not tracked,Not tracked,Not tracked,Not tracked,Open,Open,Open,Open,Open,Open,Open,Open,Unknown,Unknown,Unknown,Unknown,Dada,Dada,0.0682937500117673,-0.17075642912373,-0.0796709581566132,0.0874160264714222,-0.0167148122464206,0.0374006785043875,-0.04367964270313,-0.190898833846205,0.0555701421082593,0.101562859010866,0.0167028043460159,0.0244414574317716,-0.28275241862949,-0.0221820731830185,2.49410761202717,0.492068995121531,1.50350476896595,-2.31823451336857,-0.0762208916654686,-0.460880165339949,0.284054165735479,Bingkai
8,0,0,0,8,1,8,8,8,8,7,7,7,7,7,2,1,1,0,0,0,0,0,1,8,8,1,0,7,7,7,7,7,5,5,4,Not tracked,Not tracked,Not tracked,Not tracked,Not tracked,Not tracked,Not tracked,Open,Open,Open,Open,Closed,Closed,Unknown,Unknown,Unknown,Unknown,Unknown,Not tracked,Not tracked,Not tracked,Not tracked,Not tracked,Not tracked,Not tracked,Open,Open,Open,Open,Open,Unknown,Unknown,Unknown,Unknown,Unknown,Unknown,Dada,Dada,0.0599526041669936,-0.175854345253437,-0.0958241932821281,0.105761556290873,-0.00963096700684502,0.0340944632917886,-0.0334355456306425,-0.188358300940172,0.0770991706141182,0.110043412750302,0.0254639667873893,0.0348455960397715,-0.220909789406375,-0.00839394647730607,2.48740875443189,0.3680282551308,1.43865044525163,-2.29486677134014,-0.533809023575146,-0.232249780933066,0.225368652867027,Bingkai
5,1,1,1,4,1,4,4,4,8,6,5,0,3,8,3,3,0,6,6,5,3,3,4,4,5,5,0,5,6,6,7,7,3,8,2,Unknown,Unknown,Unknown,Unknown,Unknown,Lasso,Lasso,Lasso,Unknown,Not tracked,Not tracked,Not tracked,Not tracked,Not tracked,Not tracked,Not tracked,Not tracked,Not tracked,Unknown,Unknown,Closed,Closed,Closed,Unknown,Closed,Unknown,Unknown,Unknown,Unknown,Unknown,Unknown,Unknown,Unknown,Unknown,Unknown,Unknown,Perut,Kepala,0.083887572337972,-0.0607181762570399,-0.0784951164800591,0.203215598785858,-0.0322119713057457,0.0676137350914386,-0.0814843207119623,-0.232732175026116,-0.0553583563718301,-0.201109905201381,-0.012070445367017,-0.074032066776673,-0.44308082748351,-0.706899831846592,0.0998160671117152,-1.14662355439324,-0.582018150068953,-2.29305612815758,-1.52851222748783,-2.14724367865329,0.872327843320728,Bingung
0,0,0,0,7,7,1,3,0,7,0,0,0,1,1,0,0,0,0,0,0,0,0,0,0,0,0,0,0,7,3,5,4,6,7,7,Not tracked,Not tracked,Not tracked,Not tracked,Not tracked,Not tracked,Not tracked,Not tracked,Not tracked,Not tracked,Not tracked,Not tracked,Not tracked,Not tracked,Not tracked,Not tracked,Not tracked,Not tracked,Unknown,Unknown,Unknown,Unknown,Unknown,Unknown,Unknown,Open,Unknown,Unknown,Unknown,Unknown,Unknown,Unknown,Unknown,Unknown,Unknown,Unknown,Perut,Kepala,0.0237190992316103,0.0485911617706378,-0.123291531013335,0.172589322188496,-0.0370058880918263,0.0641003815303177,-0.041152342241999,-0.240631449306281,-0.021259954343662,-0.223364164033372,0.00494248762869398,-0.0809453351882409,-0.22869668965232,-0.829358328662405,-1.45545650123936,-2.13706571442525,1.8222320903922,-2.17434913535199,-3.10962519753577,-3.04433411950237,0.863307591496714,Bingung
0,0,0,0,0,0,0,0,0,0,0,7,0,0,0,0,3,7,0,0,1,0,0,5,5,6,5,7,7,7,8,2,1,1,2,2,Not tracked,Not tracked,Not tracked,Not tracked,Not tracked,Not tracked,Not tracked,Not tracked,Unknown,Unknown,Unknown,Lasso,Unknown,Unknown,Unknown,Not tracked,Not tracked,Not tracked,Unknown,Unknown,Unknown,Unknown,Unknown,Unknown,Closed,Unknown,Unknown,Closed,Unknown,Unknown,Unknown,Unknown,Unknown,Unknown,Unknown,Unknown,Perut,Kepala,0.0389921972008781,0.0166275322714066,-0.137313653639259,0.191460814505236,-0.0340834968914396,0.0523361217091755,-0.0408653428400555,-0.246406429147397,-0.0147572209539906,-0.21592678233426,0.00263729132301928,-0.0816929259774512,-0.225241574712565,-0.7947043980184,-0.346355617138514,-1.59953333646836,0.51250962236584,-2.11742722198745,-2.43336314363793,-3.12705938348215,0.827780227523915,Bingung
0,0,7,3,0,3,0,3,0,0,7,0,8,0,0,0,0,3,7,0,7,0,6,7,7,7,8,1,1,1,8,2,3,3,3,5,Not tracked,Not tracked,Not tracked,Not tracked,Not tracked,Not tracked,Not tracked,Not tracked,Not tracked,Unknown,Unknown,Not tracked,Not tracked,Not tracked,Not tracked,Not tracked,Not tracked,Not tracked,Unknown,Unknown,Unknown,Unknown,Unknown,Unknown,Unknown,Unknown,Unknown,Unknown,Unknown,Unknown,Unknown,Unknown,Unknown,Unknown,Unknown,Unknown,Perut,Kepala,0.0424720054778022,0.0212952092297613,-0.132980934823313,0.197818355958479,-0.0381689860247622,0.0514537811585882,-0.0453018150788905,-0.247400178587428,-0.0242988116931664,-0.214609077287063,-0.00576007524102725,-0.0828248034993737,-0.253478932630904,-0.8142973443894,-1.45476204420746,-1.71886124710347,-0.267787585814858,-2.19405950715171,-1.92028243587603,0.481224010109892,0.854862557879555,Bingung
0,0,7,0,0,0,0,3,3,0,0,0,0,7,0,0,0,0,0,0,0,0,0,0,5,4,5,6,7,5,7,8,8,2,2,3,Not tracked,Not tracked,Not tracked,Not tracked,Not tracked,Not tracked,Not tracked,Not tracked,Not tracked,Not tracked,Not tracked,Not tracked,Not tracked,Unknown,Lasso,Not tracked,Not tracked,Not tracked,Unknown,Unknown,Unknown,Unknown,Unknown,Unknown,Unknown,Unknown,Unknown,Unknown,Unknown,Unknown,Unknown,Unknown,Unknown,Unknown,Unknown,Unknown,Perut,Kepala,0.0609020001521612,0.00809153358971558,-0.148138359300648,0.169661620998847,-0.0424491385006879,0.0505959383655163,-0.0470917170855248,-0.246594449405206,-0.0109527447692546,-0.213183585480196,0.00317333124330479,-0.0875784667638715,-0.24204108146197,-0.783174926233039,-2.03025657057131,-1.16602580856018,0.318816885474996,-2.16446503237195,-3.05578966117443,-3.03785776607878,0.821315075494347,Bingung
8,0,0,0,0,0,0,0,0,0,0,0,0,0,0,0,0,0,0,0,0,0,5,0,4,6,6,5,8,7,0,1,1,3,2,3,Not tracked,Not tracked,Not tracked,Not tracked,Not tracked,Not tracked,Not tracked,Not tracked,Not tracked,Unknown,Unknown,Unknown,Unknown,Unknown,Unknown,Not tracked,Not tracked,Not tracked,Unknown,Unknown,Unknown,Unknown,Unknown,Unknown,Unknown,Unknown,Unknown,Closed,Unknown,Unknown,Unknown,Unknown,Unknown,Closed,Unknown,Unknown,Perut,Kepala,0.0575250555597823,0.0105025425997143,-0.161614954425018,0.16387948947219,-0.0486791427361302,0.0508498871768199,-0.0474192143634868,-0.241849845816811,-0.00808202068803485,-0.206755099596672,0.00425481475675846,-0.0896549574101076,-0.212001141151721,-0.765643747950918,-2.34918085463416,-1.23082468983675,0.270139949719292,-2.19578105904363,-3.07349043211163,-3.13816787744001,0.796661433347137,Bingung
0,0,0,0,0,0,0,1,0,0,0,0,8,0,0,0,0,0,0,0,0,0,7,0,6,5,7,7,0,4,8,1,1,2,3,5,Not tracked,Not tracked,Not tracked,Not tracked,Not tracked,Not tracked,Not tracked,Not tracked,Not tracked,Not tracked,Unknown,Unknown,Unknown,Not tracked,Not tracked,Not tracked,Not tracked,Not tracked,Unknown,Unknown,Unknown,Unknown,Unknown,Unknown,Unknown,Unknown,Unknown,Unknown,Unknown,Unknown,Unknown,Unknown,Unknown,Unknown,Unknown,Unknown,Perut,Kepala,0.0696534737655495,0.0105695150722143,-0.159767082067362,0.16510776359645,-0.043852198409337,0.0466902746438006,-0.0393727559545413,-0.239495829050467,-0.00939116724133431,-0.212965419433241,0.00289596707657663,-0.0922126377058362,-0.22811114280977,-0.77821232633197,-2.50509438460108,-1.14345858181838,0.28580476336741,-2.17076184838271,-3.10925158068317,-3.15381419874413,0.812815273236505,Bingung
1,0,0,0,0,0,3,0,0,0,0,0,7,0,0,3,0,1,0,0,0,5,7,5,6,6,6,7,7,1,1,3,1,2,3,3,Not tracked,Not tracked,Not tracked,Not tracked,Not tracked,Not tracked,Not tracked,Not tracked,Unknown,Unknown,Unknown,Unknown,Unknown,Not tracked,Not tracked,Not tracked,Not tracked,Not tracked,Closed,Unknown,Unknown,Unknown,Unknown,Unknown,Unknown,Unknown,Unknown,Unknown,Unknown,Unknown,Unknown,Unknown,Open,Unknown,Unknown,Unknown,Perut,Kepala,0.0599903742712653,0.0044602643075615,-0.16332686339076,0.160975215655457,-0.0551070055113705,0.0518525076289945,-0.0410936876654039,-0.238597106362513,-0.0102608657567037,-0.210915706095368,0.00424711019657158,-0.0892281288251621,-0.203003087300271,-0.761617009064777,-2.07092549991721,-1.1605799854863,0.534098596947441,-2.18957524138042,-3.10603470048864,-3.13127672892791,0.790776695693246,Bingung
1,0,0,0,0,8,3,0,0,3,0,0,0,0,4,0,0,1,3,7,2,8,2,2,2,3,3,4,3,3,3,5,4,6,6,7,Unknown,Unknown,Unknown,Unknown,Unknown,Unknown,Not tracked,Not tracked,Not tracked,Not tracked,Not tracked,Unknown,Unknown,Unknown,Lasso,Unknown,Not tracked,Not tracked,Unknown,Unknown,Unknown,Unknown,Unknown,Unknown,Unknown,Unknown,Unknown,Unknown,Unknown,Unknown,Unknown,Unknown,Unknown,Unknown,Unknown,Unknown,Perut,Kepala,0.0338886215075352,0.0217905628974323,-0.133981301760854,0.178082644879318,-0.0331974168197603,0.0375514585452499,-0.0314192691018168,-0.237461030732292,-0.00278502404879733,-0.207247658502649,0.00372908639434921,-0.09275633691181,-0.214527863536119,-0.79948936136291,-0.14880015825069,-0.475323484445162,-0.464078882068772,-2.18443682394835,-3.11025552383029,-2.65350633050991,0.832332061493636,Bingung
0,0,8,0,0,0,0,0,0,0,0,0,5,3,0,0,0,3,6,2,7,1,3,1,5,6,4,7,3,3,5,5,3,6,7,7,Unknown,Unknown,Unknown,Unknown,Unknown,Unknown,Unknown,Unknown,Unknown,Unknown,Unknown,Unknown,Unknown,Unknown,Unknown,Not tracked,Not tracked,Not tracked,Unknown,Unknown,Unknown,Unknown,Unknown,Unknown,Unknown,Unknown,Unknown,Unknown,Unknown,Unknown,Unknown,Unknown,Unknown,Unknown,Closed,Unknown,Perut,Kepala,-0.0407253160692351,0.0717164045249287,-0.117055036160024,0.159668962357759,-0.0234221504672156,0.0371542071818125,-0.0333727574750505,-0.239373917520342,-0.00368847289024437,-0.207423546069518,0.000659141288731927,-0.0892432315808836,-0.177903551764892,-0.825819148926747,-0.754968347640246,-0.644994598914925,-0.620824412551423,-2.19867706734335,-2.23465279892835,-2.31482618449286,0.849059380279418,Bingung
0,0,3,5,0,0,0,0,0,0,0,0,0,0,0,3,0,3,5,5,5,4,5,5,5,6,6,7,5,8,3,2,3,2,3,3,Not tracked,Not tracked,Not tracked,Not tracked,Not tracked,Not tracked,Unknown,Unknown,Unknown,Unknown,Unknown,Not tracked,Not tracked,Not tracked,Not tracked,Unknown,Unknown,Lasso,Unknown,Unknown,Unknown,Unknown,Unknown,Unknown,Unknown,Unknown,Unknown,Unknown,Unknown,Unknown,Unknown,Unknown,Unknown,Unknown,Unknown,Unknown,Perut,Kepala,0.0283131856647435,-0.0018967665409742,-0.131862639893334,0.182768582287716,-0.0198172819574227,0.0432542835328281,-0.036760354374307,-0.238593719931121,-0.0034357909136179,-0.211872876279709,0.00807386503579812,-0.0833123119883579,-0.219108431993469,-0.769050531914632,-0.146561402242038,-0.58266948492495,1.06150130823574,-2.17862598450895,-3.0665458652622,-3.09004663270053,0.80511096872312,Bingung
0,0,0,0,0,0,5,0,0,1,0,0,1,0,0,0,0,0,0,0,0,0,3,5,5,5,6,6,5,4,7,8,1,8,1,1,Not tracked,Not tracked,Not tracked,Not tracked,Not tracked,Not tracked,Not tracked,Not tracked,Not tracked,Not tracked,Unknown,Unknown,Unknown,Unknown,Unknown,Unknown,Not tracked,Not tracked,Unknown,Unknown,Unknown,Unknown,Unknown,Unknown,Unknown,Unknown,Unknown,Unknown,Unknown,Unknown,Unknown,Unknown,Unknown,Unknown,Unknown,Unknown,Perut,Kepala,-0.0256024115093127,0.0327250898183063,-0.12338507333037,0.182021349507992,-0.0263838133877062,0.0362015078759119,-0.0382433431770641,-0.234405381109198,-0.00759543863648939,-0.21171869100777,0.0074464962509944,-0.0912031197774544,-0.17886412311093,-0.793306959219851,-1.25493255988618,0.00526518734486619,0.684597369919902,-2.17712821916711,-3.10188050916083,-3.10989182064993,0.816211185492756,Bingung
0,0,0,0,0,0,0,0,0,0,0,0,0,0,0,0,0,0,5,0,3,0,0,0,3,3,0,0,0,0,0,0,5,3,5,5,Not tracked,Not tracked,Not tracked,Not tracked,Not tracked,Not tracked,Not tracked,Not tracked,Not tracked,Not tracked,Not tracked,Not tracked,Not tracked,Not tracked,Not tracked,Not tracked,Not tracked,Not tracked,Unknown,Unknown,Unknown,Unknown,Unknown,Unknown,Unknown,Unknown,Unknown,Unknown,Unknown,Unknown,Unknown,Unknown,Unknown,Unknown,Unknown,Unknown,Perut,Kepala,0.0295665996802969,0.00202014138384184,-0.105927363148066,0.215611704153,-0.0287884392607696,0.0582278196632198,-0.0510623150882518,-0.236511260586367,-0.00021098440656915,-0.215881074750216,0.0102068471180832,-0.0825334199938182,-0.253301781197526,-0.810925193311662,-2.63885800255196,-1.18736993374501,-1.37438505763215,-2.23593983792216,-3.01369531750266,-3.10362354294998,0.849754476300907,Bingung
0,0,0,0,0,0,0,0,8,0,0,0,0,0,0,3,0,7,1,8,1,3,8,3,2,0,2,3,3,7,4,5,5,6,6,7,Lasso,Unknown,Unknown,Unknown,Unknown,Unknown,Not tracked,Not tracked,Not tracked,Not tracked,Not tracked,Unknown,Unknown,Unknown,Unknown,Not tracked,Unknown,Unknown,Unknown,Unknown,Unknown,Unknown,Unknown,Unknown,Unknown,Unknown,Unknown,Unknown,Unknown,Unknown,Unknown,Unknown,Unknown,Unknown,Unknown,Unknown,Perut,Kepala,0.0385990722133416,-0.0104994405171155,-0.127942426754113,0.197378102893139,-0.0244107899794658,0.0477285505462006,-0.0353072865302292,-0.239347535016288,-0.00917252734462693,-0.208496696520839,0.00695019019772454,-0.0889592616664949,-0.239813938366598,-0.782525699814213,0.860085940006544,-1.04647319722096,0.887684260955199,-2.13462255832339,-2.95135534671734,-3.10067568101927,0.821291567772675,Bingung
0,0,0,0,0,0,0,0,0,0,1,0,1,7,0,0,0,0,0,0,0,0,3,0,5,7,4,5,7,7,7,1,1,8,2,7,Unknown,Unknown,Unknown,Not tracked,Not tracked,Not tracked,Not tracked,Not tracked,Unknown,Unknown,Unknown,Unknown,Unknown,Unknown,Unknown,Unknown,Unknown,Unknown,Unknown,Unknown,Unknown,Unknown,Unknown,Unknown,Unknown,Unknown,Unknown,Unknown,Unknown,Unknown,Unknown,Unknown,Unknown,Unknown,Unknown,Unknown,Perut,Kepala,-0.0330944702162961,0.0355416822078579,-0.13299840074317,0.172149391747032,-0.0212336330549852,0.0443813486262834,-0.0365363135147286,-0.236648542639341,-0.00442145909290631,-0.211069352681134,0.00213750528327013,-0.0888599794907359,-0.167772609399072,-0.790070158328173,-0.950738044172613,0.00146647294031126,1.62168838399431,-2.15776633988394,-3.09163051388778,-3.18222348768066,0.811521075887815,Bingung
