2,2,4,8,6,7,3,4,8,2,8,7,2,2,8,1,2,7,4,5,5,1,6,1,5,5,7,7,7,1,2,6,2,2,8,8,Perut,Kepala,0.128763874,-0.208432127,-0.014663557,0.26280674,-0.010881569,0.07052336,-0.036355787,-0.266864545,-0.037969254,-0.194620195,-0.010458507,-0.079689167,-0.51948633,-0.669930341,2.41455829,-0.497983323,-3.044472178,-2.014620008,3.084294374,-3.07933275,0.847748386,Hai 1
8,7,8,4,1,8,3,6,3,3,8,3,6,8,6,2,4,6,2,7,8,6,4,8,5,5,6,5,2,3,6,1,6,3,3,4,Perut,Dada,0.127651555,-0.21913881,-0.013795807,0.274908852,-0.011760539,0.067236381,-0.039644235,-0.277361479,-0.03822404,-0.199469323,-0.010051833,-0.081085263,-0.528003181,-0.682968856,2.478635883,-0.490597878,-3.10225797,-2.0833565,3.180219169,-3.16086404,0.86327553,Hai 1
1,3,2,1,5,3,8,2,8,2,6,5,7,8,7,5,3,8,6,6,6,2,5,3,1,1,8,5,4,3,8,1,7,6,5,7,Perut,Dada,0.125336381,-0.21025546,-0.015488896,0.267867994,-0.012160822,0.06507201,-0.028976348,-0.277625369,-0.036669604,-0.206577749,-0.008436504,-0.076571402,-0.516795367,-0.694443016,2.473114743,-0.495324927,-3.101254894,-2.072790304,3.15751271,-3.163462258,0.865643782,Hai 1
4,4,2,3,8,6,7,6,4,7,2,3,7,8,3,1,1,7,4,4,5,3,1,3,2,3,6,2,5,6,7,2,4,2,8,1,Perut,Dada,0.124513877,-0.222117661,-0.01705227,0.273006639,-0.011641599,0.066132073,-0.033210565,-0.278833451,-0.038764628,-0.198217026,-0.010545166,-0.083679793,-0.520863896,-0.687321037,2.460059143,-0.461408538,-3.11627685,-2.09580286,3.154598844,-3.161624448,0.862389354,Hai 1
3,1,8,8,3,4,3,3,3,7,3,1,1,8,8,7,7,8,3,5,1,8,3,6,3,4,6,1,3,2,6,1,7,1,2,1,Perut,Dada,0.118212451,-0.224155107,-0.017557037,0.27426861,-0.010161796,0.06728013,-0.03717164,-0.275281336,-0.038240535,-0.203801204,-0.009396623,-0.082296632,-0.517676834,-0.686685387,2.403445321,-0.433414045,-3.142891841,-2.087491353,3.178569444,-3.157283367,0.859960283,Hai 1
8,3,6,1,2,8,8,8,1,8,8,3,2,3,6,7,2,2,2,6,4,8,7,8,7,8,6,1,2,4,3,5,5,8,1,3,Perut,Dada,0.122604949,-0.223232586,-0.021881676,0.269444116,-0.011890815,0.069669979,-0.034576355,-0.274983479,-0.037784419,-0.205205116,-0.009429523,-0.082168361,-0.513509971,-0.686027625,2.441886365,-0.433239273,-3.140849936,-2.085236178,3.172684751,-3.161542088,0.856929154,Hai 1
7,8,6,6,8,2,2,8,6,2,7,7,8,8,2,6,2,6,1,8,5,3,1,8,5,1,3,2,2,7,7,7,5,5,3,6,Perut,Dada,0.122944414,-0.224036669,-0.021633967,0.271473176,-0.012328904,0.068875054,-0.033809028,-0.276184733,-0.036724138,-0.204557987,-0.009221248,-0.081663,-0.511990623,-0.687981785,2.434893035,-0.434431175,-3.130888872,-2.086370198,3.173974369,-3.164329053,0.85758768,Hai 1
3,3,8,6,8,6,3,3,7,8,7,2,5,3,4,8,1,2,5,3,7,3,1,4,3,6,7,7,2,5,4,5,3,7,2,1,Perut,Dada,0.124786483,-0.222013885,-0.022214136,0.272301556,-0.012141091,0.069694367,-0.035515406,-0.276880123,-0.036821961,-0.201554718,-0.010304054,-0.08327936,-0.514536278,-0.691027914,2.452704023,-0.442974544,-3.137673821,-2.10087058,3.176527559,-3.171946938,0.86155445,Hai 1
8,5,5,4,3,3,7,8,8,8,8,7,8,8,7,1,7,3,2,3,6,6,5,6,8,7,2,7,1,1,2,2,2,5,8,6,Perut,Dada,0.121447009,-0.219610753,-0.018679273,0.273404395,-0.011559934,0.068979713,-0.038421548,-0.278240181,-0.043919451,-0.196278813,-0.012227768,-0.085156919,-0.527614904,-0.689228045,2.454655046,-0.449416684,-3.130774274,-2.113186301,3.145965039,-3.151613748,0.868000389,Hai 1
2,2,8,3,4,8,4,7,8,8,8,5,8,1,7,7,5,8,5,8,7,3,6,2,3,2,1,2,7,5,1,6,1,2,3,7,Perut,Dada,0.125783365,-0.220472422,-0.018113123,0.27617186,-0.01150138,0.067757032,-0.028017799,-0.276696638,-0.041208748,-0.196605583,-0.011133757,-0.086394288,-0.521867047,-0.693281635,2.466247721,-0.465897151,-3.125715156,-2.080453486,3.122619453,-3.150674432,0.867749163,Hai 1
8,3,8,3,8,7,6,2,5,3,3,8,7,2,2,2,3,8,2,5,8,3,2,7,4,1,5,3,3,7,8,8,2,2,3,1,Perut,Dada,0.126433447,-0.218993223,-0.01698392,0.278931676,-0.011619612,0.064736974,-0.026696391,-0.27824166,-0.040104678,-0.196820179,-0.010826263,-0.085206701,-0.521058535,-0.696040517,2.470288679,-0.475996291,-3.111182463,-2.08054239,3.12298331,-3.154587209,0.869468531,Hai 1
5,8,3,7,8,8,4,8,3,3,2,6,1,8,7,2,4,2,3,1,4,8,2,2,6,7,4,6,5,5,6,2,7,4,4,8,Perut,Dada,0.123354186,-0.220248257,-0.017325224,0.277344888,-0.011819337,0.066263078,-0.029496199,-0.277539243,-0.044184022,-0.195884389,-0.011365403,-0.084389728,-0.527289315,-0.692416403,2.450206705,-0.460953116,-3.113951235,-2.079906006,3.112059325,-3.140778988,0.870331531,Hai 1
8,8,7,1,6,3,7,2,6,1,2,2,2,7,8,2,3,8,8,8,7,6,6,6,2,3,5,6,1,5,5,1,2,7,4,2,Perut,Dada,0.120655173,-0.225314725,-0.015605921,0.277268373,-0.011406897,0.065378004,-0.034369622,-0.277667232,-0.046539049,-0.196992643,-0.00815735,-0.085821664,-0.532741723,-0.685633414,2.41334177,-0.447827369,-3.111192348,-2.071956477,3.119363715,-3.090146001,0.868298792,Hai 1
8,8,5,7,8,6,8,8,6,6,3,4,4,7,1,6,6,1,1,2,4,7,7,5,2,2,3,4,5,5,3,1,2,4,3,5,Perut,Dada,0.112027734,-0.225511005,-0.009369382,0.27919819,-0.010393509,0.064253544,-0.032123211,-0.275276855,-0.042035128,-0.200480898,-0.011314415,-0.087261131,-0.527627031,-0.687653148,2.398027421,-0.439718642,-3.101064239,-2.078623529,3.138245514,-3.151379819,0.866755302,Hai 1
8,2,3,8,3,5,3,3,8,2,8,2,2,3,6,7,8,3,7,2,4,1,5,5,5,5,1,7,2,4,8,6,6,2,2,3,Perut,Dada,0.116794664,-0.223650031,-0.015688015,0.277402659,-0.01081154,0.065091493,-0.028910144,-0.277597865,-0.039156298,-0.201576642,-0.01043172,-0.087303866,-0.519582483,-0.693741288,2.414564447,-0.436904961,-3.119923412,-2.068823443,3.14074521,-3.156325504,0.866745187,Hai 1
2,7,4,8,8,2,8,7,6,8,4,8,8,8,8,8,8,8,7,8,6,8,2,5,2,1,5,1,5,1,1,1,1,1,8,1,Perut,Perut,0.0703816939559248,-0.216166147858732,-0.0866542359193166,-0.064002491430276,-0.0256335801548428,-0.00465501824186908,-0.054447902366519,-0.237050300050113,0.0872707644141176,-0.0430719173616833,0.0116465530914461,-0.0154118212974734,-0.253344378091343,-0.0101232977790965,2.15331582224064,1.9511252529157,0.394700244413572,-2.07374773734777,-1.45089644583623,0.944969416445624,0.253819294523737,Besar 1
4,4,5,6,3,7,8,8,8,8,8,8,8,8,8,8,8,8,3,5,5,5,6,1,8,7,1,8,8,8,8,1,1,1,1,1,Perut,Perut,0.0671719323130853,-0.234298640807493,-0.0627095911789823,-0.0281361841257478,-0.00164165821524314,-0.00205553094798952,-0.0493182982318103,-0.238491212885919,0.0305554492256362,-0.0371478311487554,-0.00304854020488378,-0.00553261833035468,-0.365109187541321,-0.0157032263419234,2.18648377930153,0.726230574978867,-0.815654429595801,-2.11056236254978,-0.51747908942859,0.782693127528538,0.365823183276265,Besar 1
8,8,8,8,8,8,8,8,8,8,8,8,8,8,8,8,8,8,1,8,1,2,2,1,1,1,1,1,8,1,1,1,1,1,8,1,Perut,Perut,0.0737727719339298,-0.255506083005557,0.0627316429275912,0.0029578664841032,0.0370017953142933,0.00788165883602516,-0.0696688890327803,-0.260908951515438,-0.0884628662274355,-0.0155217909351226,-0.0520322397641043,0.00693878625370741,-0.725303190371999,-0.0269169797835008,2.18983624768256,-1.63292093407098,-1.34490035493353,-2.18917570427875,2.03492203894299,2.80410137338831,0.725819824656523,Besar 1
8,8,8,8,1,8,1,8,8,8,8,8,8,8,8,8,8,8,1,2,1,1,8,1,1,1,1,1,1,1,1,1,1,1,1,1,Perut,Perut,0.040168142119471,-0.236593244690693,-0.00427856408319362,-0.0237443932188833,0.0132687838746039,0.00340166136246639,-0.0488426968865643,-0.230040899050994,-0.0222080850595845,-0.0449765444140888,-0.0245415649074418,0.0032462569007547,-0.493045116945042,-0.0126335132186536,2.07408321090412,0.760512273483339,-0.120927057746668,-2.1076896218514,-0.219575466500682,1.6823548334693,0.493269389770747,Besar 1
8,8,8,5,8,8,8,8,8,8,2,8,8,8,8,8,8,8,7,1,8,6,2,1,1,1,1,1,8,1,1,8,1,1,1,1,Perut,Perut,0.0491889596757906,-0.235714815507857,-0.0428192460599767,-0.0453914063487155,-0.00455012710041214,-0.00500158918824965,-0.0460669896680256,-0.233167664627586,0.0260345965375652,-0.0691921906762136,0.00175699755478208,-0.00971145550705418,-0.370604574141787,-0.0263495630358792,2.08343135399946,1.31302361018416,-0.115205824392206,-2.07818968593756,-1.39737106787033,0.260530654077974,0.371971759017635,Besar 1
8,8,8,8,8,8,8,8,8,8,8,8,8,8,8,8,8,8,1,1,1,1,1,1,1,1,1,1,1,1,1,1,1,1,1,1,Perut,Perut,0.0764233719165061,-0.248043306274009,0.0948659591540605,-0.00406991285393001,0.0428446126229381,0.0104465501305883,-0.0788637179651695,-0.254541719371532,-0.118622403923698,-0.0184960788794491,-0.0539558699106374,0.00700329182178405,-0.811014833120778,-0.0279199539962056,2.17682297816147,-1.45320602572778,-2.73953361673448,-2.20798112588935,2.02180981782586,2.83548173642452,0.811571337650662,Besar 1
8,8,8,8,8,8,8,8,8,8,8,8,8,8,8,8,8,8,1,1,1,1,8,1,1,1,1,1,8,8,1,8,8,8,1,1,Perut,Perut,0.0451218575538721,-0.259176357962544,0.0775347115062589,-0.00776748451433506,0.0362950990935355,0.00965764191911569,-0.070925615530651,-0.237722990673296,-0.07177394081001,-0.0441239254102335,-0.0364697162210257,0.00104131092562461,-0.685482324054624,-0.0248003094542431,2.06188055926913,-1.43397219433745,-2.67693614294378,-2.18648376169423,1.06836263862667,2.63928217111027,0.686086526018865,Besar 1
7,8,2,8,8,8,8,8,8,8,8,8,8,8,8,8,8,8,1,8,8,1,1,1,1,8,1,1,1,1,1,1,1,1,1,1,Perut,Perut,0.0452181467587791,-0.233337578553509,-0.0269137391573221,-0.055348737087471,0.000876256520936304,0.000526812497986122,-0.0459060081122496,-0.224764155058715,0.0196865086619378,-0.0803401932780534,-0.00344880100173893,-0.0117629651835853,-0.399748920591087,-0.0248463441904728,2.06079851197788,1.44101268389447,0.799446802435736,-2.05633225269863,-0.679327069468831,1.95538431174571,0.400665198174888,Besar 1
7,1,7,8,8,8,8,8,8,8,8,8,8,8,8,8,8,8,8,1,7,8,2,1,1,1,1,1,1,1,1,1,1,8,1,1,Perut,Perut,0.0563644627983235,-0.230870501790294,-0.00675176434253661,-0.0480287798865698,0.011600002058551,0.00444832249162961,-0.049664085132872,-0.230066580434603,-0.0145462539326694,-0.0580724597202534,-0.0174892928109354,-0.00474792066164396,-0.489679878555277,-0.0196687578878368,2.10981918676292,0.76867230484268,-0.461871023053469,-2.08681164691918,-0.589364791925566,2.39795568927191,0.490103514939548,Besar 1
7,3,5,8,1,4,4,8,8,8,8,8,8,8,8,8,8,8,1,5,6,1,8,4,4,1,1,1,1,1,1,1,1,1,1,8,Perut,Perut,0.0483225244897793,-0.240621166968617,0.010285620376872,-0.0407159607267602,0.0127688699962973,0.00522209843377227,-0.0479172875214229,-0.237516650974474,-0.0342094145205604,-0.0538098932353622,-0.0240189452025233,-0.00684854763330894,-0.525435265101287,-0.0195606953146324,2.07521809809107,0.52697094134714,-0.34594321271488,-2.06118130051627,0.0483549073018118,1.60633471231196,0.52588432747151,Besar 1
8,8,8,8,8,8,8,8,8,8,8,7,7,7,8,3,3,4,1,1,1,1,1,8,8,1,1,1,1,1,1,1,7,6,5,6,Perut,Perut,0.169380699480624,-0.196670330065571,0.144227177028452,-0.00912873042719345,0.0640046449005667,0.0040511920458944,-0.180141888447737,-0.182699756976158,-0.16916577101854,-0.0299068048028672,-0.0850117662412506,-0.00388497614272741,-1.16087611257471,-0.0184023442572304,2.59879334228561,-2.32094304623745,-3.03899247433683,-2.69582417168442,2.53084368036921,2.70310807640625,1.16105457897896,Besar 1
2,8,8,8,8,8,8,8,8,8,8,8,8,8,8,8,8,8,1,1,8,1,1,1,1,1,1,1,1,1,8,1,8,1,1,1,Perut,Perut,0.0736161215130116,-0.229533117961224,0.0555637313294354,-0.0339692429447883,0.0400067100135818,0.0031851989097255,-0.0791079606830007,-0.232991985622274,-0.0759519598222186,-0.0387049307823968,-0.0439776968869417,0.00107589081111652,-0.716768483386944,-0.011571336710635,2.16957747917058,-0.749579983131613,-2.45555284272168,-2.18930934237403,1.20471461683144,2.2023756339557,0.716878697042563,Besar 1
4,8,4,4,5,8,8,8,8,8,8,8,8,8,8,8,8,8,4,7,3,5,3,8,8,8,1,1,1,1,1,1,1,1,1,1,Perut,Perut,0.073516646311856,-0.244699650049522,-0.0731720804799267,-0.0536522947272347,-0.0100350933102316,-0.0111782393188751,-0.0444819506567356,-0.238998720102101,0.0314037834015809,-0.0668736715639653,0.00446213252866475,-0.012960780076632,-0.348393548143862,-0.0145498217235059,2.16139081591259,1.01945158464358,-2.18313205355852,-2.07986306261735,-0.95124433356951,0.0832379331877287,0.348885167920016,Besar 1
8,8,8,8,8,8,8,8,8,8,8,8,8,8,8,8,8,8,8,8,1,1,1,1,1,1,1,1,1,1,1,1,8,1,1,1,Perut,Perut,0.0833754384762208,-0.235904958941879,0.000727571879192997,-0.0519936409882944,0.0152702713541754,-0.0021883399090046,-0.0773490245876534,-0.237535746190079,-0.0277859952593089,-0.0540992200085549,-0.0209285785982112,-0.00586299918074434,-0.573871145952436,-0.0103860858650948,2.21078210527743,0.0441020866517864,-1.84282872364347,-2.1930766581821,0.273644308723893,1.47729092372678,0.574062271700043,Besar 1
8,8,2,8,8,8,8,8,8,8,8,8,8,8,8,8,8,8,8,1,1,1,1,1,1,1,1,1,1,1,2,1,1,1,1,2,Perut,Perut,0.108988403844188,-0.218657101243344,0.0452054451415485,-0.0467634739641714,0.0307080466563298,0.00388150517090362,-0.114458076312966,-0.221716322829516,-0.0559907957402209,-0.0454013021835892,-0.0410151148980114,-0.00256962689867147,-0.745611180318414,-0.0125055388335606,2.31819656450987,-0.595952022300389,-1.6205998104477,-2.34598750341881,0.534546009770545,2.53357450212572,0.745910928060123,Besar 1
8,0,1,0,7,8,7,1,2,0,3,8,0,7,8,3,1,7,3,0,3,0,0,0,3,7,7,3,2,0,6,0,0,0,0,0,Perut,Kepala,0.124277777777778,-0.174972222222222,0.00680555555555553,0.256305555555556,-0.00263888888888886,0.0636666666666666,-0.022,-0.260805555555555,-0.0269166666666667,-0.201916666666667,-0.00458333333333332,-0.0762777777777778,-0.515694444444444,-0.684722222222222,2.53542033826102,-0.644141795216725,-3.07361570436631,-1.98431270076681,3.09320512967816,-3.06905881307434,0.857198947299321,Hai 2
0,3,3,0,0,8,8,0,3,1,7,3,7,2,7,7,8,0,3,5,0,5,0,0,0,0,0,5,0,0,3,5,3,3,3,2,Perut,Kepala,0.137979938271605,-0.193082561728395,0.00610570987654316,0.267341820987654,-0.00512885802469131,0.0635462962962963,-0.0218611111111111,-0.273800154320988,-0.0305810185185185,-0.207664351851852,-0.00821064814814815,-0.0800077160493827,-0.53810262345679,-0.704103395061728,2.57965544319436,-0.661163469936121,-3.12257262019152,-2.03238253296196,3.16047826297704,-3.18364772384466,0.886181898692743,Hai 2
8,3,3,8,0,0,0,3,8,3,2,0,3,2,3,3,7,6,7,3,0,0,7,7,6,0,0,5,5,0,0,0,0,5,0,3,Perut,Kepala,0.132943887174211,-0.198113404492455,0.010697380829904,0.272703939471879,-0.00553135716735254,0.061181841563786,-0.0201072530864198,-0.274327782064472,-0.0271828060699589,-0.21210178755144,-0.00561696244855967,-0.0779724365569273,-0.528141739540466,-0.709086205418381,2.5348766163026,-0.648229055658227,-3.09818854177021,-2.0358111524554,3.17540730960935,-3.17402859690944,0.88416558980504,Hai 2
3,8,3,0,0,0,0,0,3,0,1,7,1,3,3,3,8,0,6,0,0,0,0,0,7,3,3,3,3,1,3,1,8,0,1,3,Perut,Kepala,0.132637330199284,-0.195086483458124,0.005463816134164,0.272825109429774,-0.00776475992131535,0.0610050511545496,-0.0171696459190672,-0.274675771724013,-0.0253939668352767,-0.212419494098651,-0.0080449156235711,-0.0773603454599147,-0.519837270542791,-0.713419061261621,2.53995131531525,-0.634761033721723,-3.08050072949636,-2.03541295730379,3.17319448405458,-1.47024798147588,0.882725457179026,Hai 2
8,7,0,7,8,3,0,1,0,0,7,0,3,7,7,8,7,1,3,0,7,7,0,6,2,3,7,0,1,0,3,3,0,0,0,0,Perut,Kepala,0.132712148061091,-0.194835735651615,0.00512399489261567,0.271995141928605,-0.0077156877755921,0.0610279180876264,-0.0200602679421963,-0.272629882547889,-0.0277331657454244,-0.21015054150274,-0.00652902543398809,-0.0805655651516643,-0.523773257515077,-0.712567196146156,2.53535937707934,-0.634422589649558,-3.08259300437869,-2.05197615328587,3.17193881820442,-3.1310954912469,0.884359511449816,Hai 2
7,2,3,7,8,7,8,0,8,0,7,7,0,3,8,5,3,1,3,7,0,0,0,0,1,0,0,3,0,0,5,0,7,5,0,1,Perut,Kepala,0.133658670779475,-0.199384325990323,0.00417011096923933,0.274805420609128,-0.00729765799376645,0.0593341088357674,-0.0205850074428388,-0.27540638562633,-0.0282425879373729,-0.210226403930632,-0.00637580626205523,-0.0794323768097685,-0.52413259048653,-0.708737977670726,2.52963934469006,-0.623038735484373,-3.0898483711901,-2.04145813417411,3.17075180167186,-3.17508912411194,0.881492554913449,Hai 2
8,3,2,8,5,3,8,7,0,3,0,1,8,0,3,1,7,0,0,0,5,0,5,5,0,0,3,0,0,3,0,0,0,1,0,3,Perut,Kepala,0.134934963077208,-0.194816231277509,0.000643614193589982,0.27124459501692,-0.00961937938871574,0.0620092808009935,-0.0210718057623011,-0.276927955156287,-0.0286456274427048,-0.211811844553629,-0.00573266128505709,-0.0790397882447158,-0.520698127513515,-0.714742721601965,2.54247022596017,-0.625510038752162,-3.0706430522683,-2.03416196033276,3.17123252803918,-3.16776667125507,0.884304244864032,Hai 2
0,0,3,3,3,7,0,8,7,0,7,7,0,0,0,2,2,0,5,0,5,0,3,7,3,0,1,0,0,0,0,0,5,3,0,0,Perut,Kepala,0.1363870823077,-0.195661561979931,0.0003512115053775,0.272506794306026,-0.00971164942746433,0.0622224800222498,-0.0225297723822862,-0.275470220976563,-0.0287679340956307,-0.209578106793156,-0.00618701836902937,-0.0804455496734643,-0.523741614653153,-0.712326186711166,2.55519671227393,-0.6274650508532,-3.07073177874563,-2.04468163839479,3.17498099131886,-3.17003679269045,0.884147488325786,Hai 2
1,4,0,3,8,7,0,3,7,8,7,1,8,7,0,1,8,8,7,6,0,4,0,0,5,6,7,0,3,3,1,3,1,0,0,7,Perut,Kepala,0.126399641175214,-0.179518376721665,-0.0288235774581839,0.257958522064056,-0.0124364347063185,0.0724784022228403,-0.0323480492328413,-0.271651950582682,-0.0324935537248786,-0.208932725188699,-0.0073385282880286,-0.0797068208242629,-0.505853933740365,-0.716397949630865,2.55257755472703,-0.516380028776648,-3.17120795201792,-2.07337570680577,3.19459737561314,-3.16711473791633,0.877000278335857,Hai 2
0,7,2,7,0,2,0,8,8,0,3,1,0,3,0,0,0,8,3,3,7,3,4,0,0,0,0,5,6,0,7,2,0,1,0,7,Perut,Kepala,0.134261101143756,-0.170542177131157,-0.0359673215960606,0.254082181168446,-0.0134010120751755,0.0765966222839678,-0.0299818902564678,-0.272156998627297,-0.0329581542701355,-0.211553686810797,-0.00623162578577856,-0.0797418561340073,-0.497884831492788,-0.729288831934191,2.61608200317873,-0.541288320646574,-3.19784089900946,-2.06617175763604,3.18523986202448,-3.15261337388544,0.883042565865724,Hai 2
3,3,1,7,3,3,8,8,0,8,3,0,3,3,3,1,0,3,4,5,5,2,4,3,3,1,5,7,0,5,0,5,7,7,1,1,Perut,Kepala,0.138896141698438,-0.167431727142532,-0.042276870044335,0.251113393921346,-0.0139278058909771,0.0791276839523324,-0.0268606080626797,-0.271032138850758,-0.0328043931741704,-0.210209824633633,-0.00664532293849383,-0.0800206071148335,-0.494441245319244,-0.73467468977595,2.63262876461171,-0.540631454996648,-1.12932282035244,-2.07378677082523,3.17367179144189,-3.15733423091194,0.885565170951978,Hai 2
8,7,0,8,1,0,2,1,0,0,7,0,3,0,0,0,3,1,7,7,1,0,5,0,4,0,0,0,7,2,5,7,7,0,5,5,Perut,Kepala,0.138636003936068,-0.148289770198404,-0.0395076908345648,0.231614260942259,-0.0151924390525272,0.0792257689986759,-0.0235794613350745,-0.268862003856966,-0.0305778998103936,-0.216616939573156,-0.00426792563718039,-0.0775283501976343,-0.486623367925534,-0.741018741382665,2.68813153253849,-0.599588307521131,-3.15207202902086,-2.07677468148419,3.17707272867001,-3.14357507306157,0.886523171091669,Hai 2
8,8,7,0,7,0,3,0,7,3,7,0,0,7,2,0,7,0,0,1,7,3,3,0,3,3,3,4,0,0,0,0,3,0,0,7,Perut,Kepala,0.121573222331557,-0.176285826949956,0.018180341921262,0.255017062803952,-0.00703312330701465,0.0656451602499632,-0.0262938739259743,-0.279440611218249,-0.0352382749947332,-0.214239359432588,-0.0055629979343661,-0.0802924541721565,-0.540406204664598,-0.725167187260629,2.5485822700499,-0.693926399301853,-3.04792237227609,-2.05310492421742,3.16016333254626,-3.13473636485525,0.904428630016273,Hai 2
0,7,3,2,3,1,7,0,0,7,7,3,7,7,0,8,0,0,0,0,6,4,5,5,1,0,0,0,0,0,0,3,1,0,1,7,Perut,Kepala,0.126515922842543,-0.17061905074861,0.0126994539422572,0.259500473966776,-0.00788980898075041,0.0622679211180545,-0.0266748298312771,-0.282206683644951,-0.0319788409720759,-0.220062204428683,-0.00346008327595462,-0.0775081237270043,-0.529289061240683,-0.735726866312795,2.60747088839371,-0.706567567295988,-3.05137587271089,-2.06129115924706,3.17983216073396,-3.12880497638064,0.906344233473375,Hai 2
3,0,3,0,8,0,7,0,7,3,2,1,0,3,1,8,3,8,0,8,3,0,2,0,1,3,0,7,4,1,0,5,0,3,6,1,Perut,Kepala,0.127792108967848,-0.173767195854128,0.0089083181650627,0.262902790943522,-0.00977471691613195,0.0590074422532793,-0.0245743008286466,-0.283977963434582,-0.0329994122492243,-0.222751727900797,-0.00445722453544319,-0.0781252256590835,-0.524369140590019,-0.738242412953133,2.60415642349822,-0.687231492805138,-3.02764723417306,-2.05629974350422,3.16885273938345,-3.13867732837543,0.905521058154408,Hai 2
8,2,7,2,1,1,1,7,8,8,8,8,2,1,1,4,4,4,2,3,3,5,3,3,3,2,1,1,8,8,5,6,7,6,5,5,Dada,Dada,0.0897442252491069,-0.219604644329281,0.0657474532823629,-0.05961381136268,0.0121729245301074,-0.0129164599374089,-0.122238175023018,-0.148221610095405,-0.0514166503402562,-0.0117708813305777,-0.0134571451259845,0.00157985484280324,-0.682232476127501,0.154354377417969,2.34106838937048,0.559747147833439,-0.0524137927939863,-1.54797693675807,1.91240036025048,1.42427242712138,0.822436587346742,Besar 2
3,8,8,8,4,8,8,8,8,8,8,8,8,8,5,8,1,4,3,1,1,8,5,1,1,1,1,1,1,1,1,1,3,2,8,6,Perut,Perut,0.101326228479142,-0.23318346234248,0.0234096514800656,-0.0371281614267411,0.0148936923480585,-0.00283101277603913,-0.097339949306195,-0.242589489169317,-0.0547615736205627,-0.0303269689258494,-0.0401515873646107,-0.00967833736547769,-0.675450902114653,-0.0105457117383898,2.30798939060816,-0.522596380729851,-1.60449583315962,-2.25649600185935,0.954294280406483,2.6072849203125,0.679822335065425,Besar 2
7,5,8,8,8,8,8,8,8,8,8,8,8,8,4,8,8,8,1,6,1,1,1,1,1,1,1,1,1,1,1,1,4,1,1,7,Perut,Perut,0.0767868396799762,-0.240421762842847,0.0398169347633352,-0.0410313378174095,0.0303026025652238,0.00244913853399891,-0.0780649985918388,-0.250960819143592,-0.0645489326005712,-0.0491479713590514,-0.0343375440934614,-0.00968550937126327,-0.664845858392074,-0.0314596031038442,2.21280756989016,-0.347336105216685,-1.51849523201657,-2.20356446240651,0.957903006442489,2.2305693665509,0.665968690171985,Besar 2
3,3,8,8,4,8,2,8,8,8,8,8,8,8,8,8,8,8,0,0,1,7,5,1,1,1,1,1,1,1,1,1,1,1,1,1,Perut,Perut,0.075410745546666,-0.240595048967857,0.0114949148545371,-0.0278619816060392,0.0153972945157007,0.00459580940372219,-0.0684184721831066,-0.244748911642878,-0.041348581461127,-0.0499207769821958,-0.0289538206692628,-0.00624126414920176,-0.585995718288669,-0.0397349889751068,2.20827259520822,0.0039915204932176,-1.23370735661711,-2.17692809715366,0.205167107876179,2.09270215056267,0.587654710412512,Besar 2
8,8,8,8,8,8,8,8,8,8,8,2,2,3,4,4,4,1,1,1,8,1,8,1,1,1,1,1,1,1,6,6,5,5,5,4,Perut,Perut,0.0870391873762963,-0.238405418026885,0.0724859698570705,-0.0287739439335011,0.0380388137365472,0.0036554391501034,-0.085706068671753,-0.231298580878969,-0.0965374605961424,-0.0436366882495054,-0.0492209394630351,-0.00964559067081116,-0.771777658841352,-0.0237704163604196,2.24643792793202,-0.771087816609725,-1.3631346120677,-2.2714890780783,1.10337760812299,2.10524487234892,0.773271458125876,Besar 2
8,8,8,8,8,2,8,8,8,8,8,8,8,8,8,8,8,3,1,7,1,8,1,1,1,1,1,1,1,1,1,1,1,1,8,5,Perut,Perut,0.0817788663160082,-0.23873348383408,0.0142912769404742,-0.0239381651092639,0.0175566337149041,0.0120459844208362,-0.0767696130186598,-0.236758293913305,-0.057764929461004,-0.0426010191180418,-0.0364228038739732,-0.000323488629744754,-0.627716046078926,-0.030660289343345,2.25575831501285,-0.0702073134744449,-0.623899904098424,-2.24532399798541,0.221893105510954,1.21840678478451,0.628614433044121,Besar 2
7,8,8,8,8,8,8,8,8,8,8,8,8,8,8,8,8,8,0,8,1,1,1,1,1,1,1,1,1,1,1,1,1,1,1,1,Perut,Perut,0.0491605240643335,-0.245325930106502,-0.0190474645294313,-0.0219427268085907,0.0102376842698584,0.00550127734502323,-0.0436047114727406,-0.244521063719814,-0.0166879147072501,-0.0406000283088345,-0.0197061889964993,-0.00228676357304846,-0.470325445724415,-0.0272405635928707,2.09573505624695,0.313337539029342,-0.630231891849258,-2.08658133203328,-0.00617159868418016,1.94054990477391,0.471351473401105,Besar 2
8,8,2,8,2,8,8,8,8,8,8,8,8,8,8,8,8,8,1,1,1,1,8,1,1,1,1,1,1,1,1,1,1,1,1,1,Perut,Perut,0.0566711256684537,-0.225120164725181,-0.00894576290359532,-0.0357484090780164,0.00814549122971829,0.00176392437069509,-0.0516556864297983,-0.232070029547773,-0.0225468865196458,-0.0407111118974676,-0.0238529496943472,-7.96565480690065E-06,-0.501509040159012,-0.0176177934331353,2.12608581653286,0.834405973818083,-1.20137305644935,-2.12527124592292,0.0466623043853247,1.74520145642688,0.501901812223931,Besar 2
1,3,1,7,8,8,8,8,8,8,8,8,8,8,8,8,8,8,0,5,7,7,0,1,1,1,1,8,1,1,1,1,1,1,1,1,Perut,Perut,0.0661297534907904,-0.237947782353477,-0.0435540489695443,-0.0309096780299449,0.00272626364526995,0.00454899789918597,-0.0662959912897166,-0.23744638970966,0.0127070309300098,-0.0573808642193741,-0.00849591526928743,0.00563866762069981,-0.435458584448861,-0.0271004942620315,2.16113175270133,0.564042852143719,-0.586507087604888,-2.18525463318768,-0.46841321077857,0.388324506311738,0.436919631590779,Besar 2
7,1,8,8,8,8,8,2,8,8,8,8,8,8,8,8,8,8,1,2,7,2,2,8,1,1,1,1,8,1,1,1,1,1,1,1,Perut,Perut,0.0656980487080775,-0.238081882843152,-0.0625431680269318,-0.0273308243897207,-0.00603538156540916,0.00184858327497739,-0.0614804442024921,-0.232040177491935,0.023130750859167,-0.0518161351172048,-0.0129304420908135,-0.00770448145498056,-0.396901627345802,-0.0299750137295009,2.15205744813113,0.97821199533562,-0.660387385960377,-2.16327132397088,-0.684971553713934,1.65251002331859,0.398877797089161,Besar 2
7,3,2,7,8,8,5,8,8,8,8,8,8,8,8,8,8,8,2,5,5,2,7,8,4,8,1,1,1,1,1,8,1,1,1,1,Perut,Perut,0.064519390241891,-0.228085607856754,-0.0872928657785259,-0.0649536340108256,-0.0132509828212614,-0.00175420602013952,-0.0461522345611803,-0.229640004930332,0.0530591875238658,-0.0704671148643668,0.00277970994192185,-0.0184640133737495,-0.305358378537383,-0.0268881948258195,2.16144776104987,2.02215452930968,1.23473337667854,-2.10336267406206,-1.23165192457518,1.63624642302903,0.307042399380172,Besar 2
8,8,8,4,7,8,8,8,8,8,8,8,8,8,8,8,8,8,8,1,8,4,2,1,1,8,1,1,1,1,1,1,1,1,1,1,Perut,Perut,0.0634588719511636,-0.229363489107132,-0.0212859129382924,-0.0275820453891896,0.00571525047718719,0.00231238316610724,-0.0512264509600328,-0.232851111248065,0.00605719965344072,-0.0517629754128991,-0.0119783413905022,-0.00145733370482638,-0.452982177181594,-0.0350802276340506,2.14853380101632,0.687394877535609,-0.918395025730075,-2.11496690900106,-0.448555205952154,1.17722193561492,0.454635783678273,Besar 2
8,8,8,8,8,8,8,8,8,8,8,8,8,8,8,8,8,8,1,1,1,8,1,1,1,1,1,1,1,1,1,1,1,1,1,1,Perut,Perut,0.0480405242208657,-0.233426763586309,0.0103531690850474,-0.0257661679274775,0.0135198680688108,0.00545312175461409,-0.0572285125266676,-0.235356975312446,-0.0278595222318489,-0.0375211937614694,-0.029804953927514,0.000292851841532599,-0.534471727143933,-0.0235022285453903,2.08339739590707,0.13802799518293,-1.5966229162315,-2.14528145886784,0.0449929733592437,2.03413464501211,0.53504208456043,Besar 2
1,8,8,0,1,8,8,8,1,8,8,8,8,8,8,8,8,8,7,1,7,8,1,1,1,8,1,1,1,1,1,1,1,1,1,1,Perut,Perut,0.0464177923394685,-0.21781741009962,-0.058184634192082,-0.0599657268868744,0.00834777411302252,0.00148480893762817,-0.0413674586812963,-0.227121027092012,0.0266705688268931,-0.0692922553822631,-0.000716804275764276,-0.00346408744884631,-0.364596436865109,-0.0268750619040386,2.08449414329494,1.60462589906016,-0.785105932698738,-2.07424003925895,-1.08693992186365,0.21043458698416,0.365986290072188,Besar 2
8,3,3,3,8,8,8,8,8,8,8,8,8,8,8,8,8,8,3,3,4,0,0,1,8,1,1,1,1,1,1,1,1,1,1,1,Perut,Perut,0.0533171608983186,-0.242272705836101,-0.0563106842831134,-0.0407490479690798,-0.0047403396079716,0.00201346691493411,-0.0610379849633694,-0.238475584085889,0.0365741824674137,-0.0502858959828406,-0.00721435567432678,-0.0121517802069124,-0.374683234357364,-0.0224131961640011,2.09123373610535,0.927044002645253,0.075947509851332,-2.14101348363764,-0.432302708793111,1.69582970082806,0.375839270025578,Besar 2
0,0,3,3,2,0,0,0,0,0,0,0,0,0,0,0,0,0,0,0,0,0,0,0,0,0,0,0,0,0,0,0,0,5,5,5,Perut,Dada,0.109444444444444,-0.23,0.02,0.26,-0.00861111111111112,0.0694444444444444,-0.02,-0.26,-0.03,-0.21,-0.00194444444444445,-0.0791666666666667,-0.503333333333333,-0.658611111111111,2.31685276438774,-0.52087865085752,-2.94198575355503,-1.98686083251872,3.07646749025541,-2.67578444530738,0.828936104220206,Hai 3
0,0,0,0,0,0,0,0,0,0,0,0,0,0,0,0,0,0,0,0,0,0,0,0,0,0,0,0,0,0,0,1,3,0,7,0,Perut,Dada,0.10304012345679,-0.236388888888889,0.0205555555555556,0.267222222222222,-0.00301697530864198,0.0705401234567901,-0.0205555555555556,-0.267222222222222,-0.0308333333333334,-0.205833333333333,-5.40123456790124E-05,-0.0821990740740741,-0.521203703703704,-0.676905864197531,2.3313321302867,-0.501368083223977,-3.10389734824949,-2.09336584044344,3.15493202753495,-3.06703005168328,0.854320382444043,Hai 3
0,0,8,0,0,0,0,0,0,0,0,1,0,0,0,0,0,0,0,0,0,0,0,0,0,0,0,0,0,0,0,0,0,0,0,0,Perut,Dada,0.102862225651578,-0.246566358024692,0.010570987654321,0.277422839506173,-8.38048696844994E-05,0.0619594478737998,-0.020570987654321,-0.267422839506173,-0.0308564814814815,-0.215717592592593,-0.00555705589849109,-0.0822833076131688,-0.520033436213992,-0.678802940672154,2.28891772679256,-0.445738126774358,-3.19079190850057,-2.07066709826397,3.16410449102027,-3.15397698628059,0.855116708340654,Hai 3
0,0,0,0,0,0,0,0,0,0,1,0,0,0,0,0,0,0,0,0,0,0,0,0,0,0,0,0,0,0,0,0,0,0,0,0,Perut,Dada,0.114246172934766,-0.187126843278464,-0.00970636145404665,0.252150634430727,-0.0100023279130468,0.0472766513298278,-0.0314047496570645,-0.267428412208505,-0.0286349022633745,-0.212658822016461,0.00290119289170858,-0.0756189807670325,-0.500000928783722,-0.678855637240893,2.47460929485842,-0.524839710141624,-3.05174123926672,-2.08563180408804,1.81763931865577,-3.0522396349921,0.843131195632676,Hai 3
0,0,0,0,0,7,0,0,7,3,0,0,0,0,0,0,0,0,0,0,0,0,0,0,0,0,0,0,0,0,0,0,0,0,0,0,Perut,Dada,0.113173504803743,-0.185753523424402,-0.000547398929279074,0.248115295400854,-0.0200000646642513,0.0507576847591619,-0.0208723541571407,-0.267428567005792,-0.0207954139517604,-0.231184967278235,0.0100805886914363,-0.0718227494657509,-0.473888914688437,-0.693857101034469,2.47286670161096,-0.560701928548316,-2.84748105902884,-2.04479504929894,3.18026434489844,-2.99445097901785,0.840263581490849,Hai 3
0,3,0,0,3,0,0,0,3,7,7,0,0,0,0,0,0,0,0,0,0,0,0,0,0,0,0,0,0,0,0,0,0,0,0,0,Perut,Dada,0.123143708466771,-0.185159820095122,-0.00695964997025776,0.246892091538913,-0.0136111129073403,0.0514099356877545,-0.0133575653932539,-0.258817460194605,-0.01918876149866,-0.236421804646618,0.0175022385747621,-0.0706061874851596,-0.464552469852456,-0.697884919473179,2.53037454042885,-0.574659199411001,-2.99626172003453,-2.04756348766908,3.19987317071316,-2.89816185132739,0.838371406217052,Hai 3
8,0,0,0,0,0,0,0,0,8,0,1,0,8,1,0,0,8,0,0,0,7,3,3,7,0,0,0,3,0,0,0,3,0,0,0,Perut,Dada,0.123420658568521,-0.215143328335976,-0.00991554583250717,0.274635891431636,-0.0106558642474261,0.0578169426579932,-0.0109265990387015,-0.249689373894295,-0.0205330211527406,-0.240456161240184,0.018541728849299,-0.06557239409681,-0.464848679718124,-0.693552358874255,2.46311549109497,-0.498800985097784,-3.07775102401213,-2.04310026600724,3.18857912276626,-2.85834264280638,0.834932974983839,Hai 3
0,0,0,0,0,0,0,0,0,0,0,0,0,0,0,0,0,0,0,0,1,0,5,0,0,0,0,0,0,0,0,0,0,0,0,0,Perut,Dada,0.123428351626903,-0.194031759120444,-0.0102754318286808,0.255684330317545,-0.0183515517846507,0.0616060261849443,-0.0166924055288528,-0.247213593719286,-0.00418147280979835,-0.24640156003445,0.0105150480235916,-0.0718214553915779,-0.454856907769948,-0.709265343302063,2.4941896419431,-0.542417638344147,-2.9761454914157,-2.08621978386888,-0.731066953496492,-3.06405640772243,0.842598437194785,Hai 3
0,0,0,0,0,0,0,0,0,0,0,0,0,0,0,0,0,0,0,0,0,0,0,0,0,0,0,0,0,0,0,0,0,0,0,0,Perut,Dada,0.129817454211858,-0.176778659975568,-0.00667431755079666,0.23849123139771,-0.0105097653273514,0.0617112785051374,-0.020463677931357,-0.247422599825536,-0.0201161520224944,-0.246844487778735,0.020292084667322,-0.0619950404275439,-0.472634914104721,-0.699701815091724,2.57826105802862,-0.622754372616386,-3.08672428552356,-2.09946039218739,3.12110128009399,-2.821813545297,0.844380542215251,Hai 3
0,0,0,0,0,0,0,0,0,0,0,0,0,0,0,0,0,0,0,0,0,0,0,0,0,0,0,0,0,0,0,0,0,0,0,0,Perut,Kepala,0.133606040394774,-0.204910518332655,-0.0101853977097443,0.269680311983269,-0.0202919379257598,0.0686586466251427,-0.0105684354980933,-0.257150627772932,-0.0105587820006249,-0.237412346882743,0.0105636690185367,-0.0717220844563205,-0.46312874761402,-0.719436161530325,2.50484135182642,-0.555666008021002,-2.97376661851134,-2.05538862975756,3.22488259546944,-3.03472887520195,0.855620863916196,Hai 3
0,0,0,0,0,0,0,0,0,0,0,0,0,0,0,0,0,0,0,0,0,0,1,0,0,1,1,1,0,1,0,0,1,1,0,0,Perut,Kepala,0.133711278899855,-0.205691958842574,-0.0102829277141595,0.277491119777313,-0.0150081093868267,0.0619071846284762,-0.0102935676527248,-0.258254184104804,-0.0102932995000174,-0.23659478741341,0.0202934352505149,-0.0719922801237866,-0.458420242989278,-0.719984337820286,2.50280191554302,-0.554790271606726,-3.02646788612685,-2.05260390551517,3.22752983996214,-2.90414012350432,0.853548746403051,Hai 3
0,0,0,0,0,0,0,0,0,0,0,0,0,0,0,0,0,0,0,1,0,0,0,0,0,5,0,0,0,0,0,0,0,0,0,0,Perut,Kepala,0.133714202191663,-0.205713665523405,-0.0102856368809488,0.277708086660481,-0.0162502252607452,0.0617196440174577,-0.0102859324347979,-0.2577292828918,-0.0102859249861116,-0.242960966317039,0.0205637065347365,-0.0656108966701052,-0.456900562305258,-0.719999564939452,2.50274526453515,-0.554765945595218,-3.00618154953533,-2.05546269241653,3.22884402644643,-2.87390767708862,0.852746078623396,Hai 3
0,0,0,0,0,0,0,0,0,0,0,0,0,0,0,0,0,0,0,0,0,0,0,0,0,0,0,0,0,0,0,0,0,0,0,0,Perut,Kepala,0.133714283394213,-0.205714268486761,-0.0102857121355819,0.277714113518346,-0.0104513951461318,0.0617144345560405,-0.0102857203454111,-0.257159146746994,-0.0102857201385031,-0.239248915731029,0.0205712140704094,-0.0693225249075028,-0.462691682286257,-0.719999987914984,2.49969031453374,-0.554765269872676,-3.09696913509174,-2.05562744189168,3.22826263624052,-2.88926222322652,0.855853239927533,Hai 3
7,0,0,7,0,7,3,3,3,0,0,0,0,0,3,0,0,0,0,0,0,0,0,0,0,0,0,0,0,0,0,0,0,0,0,0,Perut,Dada,0.123714285649839,-0.214603174124632,-0.0102857142259883,0.276603169819954,-0.010290316531837,0.0617142898487789,-0.0202857144540392,-0.257143309631861,-0.0102857144482918,-0.236645803214751,0.0105714226130669,-0.0660922923585417,-0.472852546730174,-0.704166666330972,2.44066071068065,-0.499741801633146,-3.09964906515134,-2.10863016748778,-3.0155396011513,-3.02293854093317,0.848207799215786,Hai 3
1,8,0,0,8,0,0,0,0,0,0,0,0,0,0,0,1,0,0,0,0,0,3,5,0,0,0,0,0,0,1,1,1,1,0,0,Perut,Kepala,0.133436507934718,-0.20596119928124,-0.0102857142840552,0.277683421383887,-0.0188969532369955,0.058936508051355,-0.0205634920681678,-0.257142869711996,-0.0102857142902303,-0.236573494533743,0.0116825395170296,-0.0618358970099595,-0.463134792964727,-0.706782407398083,2.50101911995564,-0.553236821429285,-2.94839277681442,-2.12160981431252,-3.18897855218996,-2.99521333511761,0.84501714273508,Hai 3
0,7,8,8,4,4,3,3,8,8,8,3,2,2,3,8,8,8,3,0,3,3,4,3,4,4,7,8,3,3,0,3,1,1,1,1,Perut,Perut,0.0481510141092977,-0.185443366646701,-0.0250079365078904,-0.147008793850448,-0.0224693598121388,-0.0275295414430179,-0.0694600970018936,-0.207142857492,-0.0102857142858397,-0.179071485959271,-0.00634215168008251,-0.0475509971391656,-0.400087077582354,-0.0485217335388356,2.17891797439236,2.70201153239031,1.93581478225588,-2.07124588392236,-2.62746644266597,1.20598883690538,0.415593772422781,Besar 3
0,0,0,0,0,0,8,8,8,8,8,8,8,8,8,8,8,8,7,7,0,0,8,5,1,8,1,1,1,1,1,1,1,1,1,1,Perut,Perut,0.0627264170585916,-0.229040093517964,-0.0726391093474414,-0.0379724664958458,-0.00617970443922608,0.00117973495991617,-0.0499850026944971,-0.240198412708111,0.0541587301587267,-0.0330297634988686,0.00176827356444215,-0.0168764165871991,-0.322502418821732,-0.0235700481538566,2.14207274819203,1.26355612241157,0.713226555241909,-2.08078802592405,-0.657654059870008,2.31219317172743,0.323950375481295,Besar 3
8,8,8,8,8,8,8,8,8,8,8,8,8,8,8,8,0,0,1,1,1,1,1,1,1,1,1,1,1,1,3,0,1,0,0,1,Perut,Perut,0.0745201782516276,-0.249695558153277,0.0663155802959044,-0.0249436796248846,0.0353838970989104,0.00392165930444211,-0.0677773611859583,-0.249449955908559,-0.103773368606702,-0.0534174934305241,-0.0502286590676544,-0.00185767823853331,-0.747569511633937,-0.0339880568931627,2.1609645850783,-0.709530336645315,-2.37036786095159,-2.135462423908,0.958639134444299,2.59243263963166,0.748485830915999,Besar 3
0,3,0,0,8,0,1,8,8,8,8,8,8,8,8,8,8,8,0,0,0,0,1,1,1,7,1,1,0,1,1,1,1,1,1,1,Perut,Perut,0.0701255605069897,-0.244713765504258,-0.0403801227695582,-0.0465262133229135,0.00348288603052529,-0.00405773168598772,-0.0468827044773878,-0.238318054330793,0.00489518420536938,-0.0720393748175146,-0.00861746275187929,-0.00894049106218148,-0.423543597545387,-0.0298330015803656,2.15459391412519,0.824885145395608,-1.09469515950563,-2.08661144009092,-0.3499859250295,0.675973541841453,0.424837289368725,Besar 3
8,8,8,3,8,8,8,8,8,8,8,8,8,8,8,8,8,8,2,1,0,2,1,1,1,1,1,1,1,1,8,1,0,1,1,0,Perut,Perut,0.0844479322363053,-0.238742049041785,0.0624894410341789,-0.0246257281478587,0.0381523023897368,0.00794284078650034,-0.075191186235483,-0.237453279286966,-0.0943084671054064,-0.0475566493004865,-0.0482949295208856,-0.00413723586283837,-0.743987322154039,-0.0391620278216768,2.21218634435203,-0.998449159457905,-2.42972385169975,-2.19407920583731,1.49949870325618,2.05124680523341,0.745055407638312,Besar 3
8,8,0,8,7,8,8,8,8,8,8,8,8,8,8,1,1,0,1,1,1,1,1,1,1,2,1,1,1,1,1,0,2,1,1,3,Perut,Perut,0.0981791092287863,-0.236353945806716,0.117013595584283,-0.0248507146707739,0.0546708972886038,0.00605396779962501,-0.0934775329509857,-0.227707035535749,-0.129008568530706,-0.0629876847027913,-0.0599526369311357,-0.00455936766285662,-0.892610758948723,-0.0402545007728244,2.27373415984809,-2.11399631061536,-2.76198464781409,-2.24976787269263,2.37848174737702,2.32339852033926,0.893551756019063,Besar 3
8,0,7,8,8,8,8,7,8,8,8,8,8,8,8,8,8,8,1,0,0,0,0,1,1,1,8,1,1,1,1,1,1,1,1,3,Perut,Perut,0.0730049752563552,-0.232954276272409,0.00241704432178564,-0.0534680754075215,0.020963080480239,-0.000665167561121527,-0.0570410425819719,-0.234380750987104,-0.0263613491258529,-0.0806385467972997,-0.0311097954703093,-0.0142933157684127,-0.556739187748576,-0.042229291688134,2.1701082225124,-0.177589977437968,-1.69141961293046,-2.09995533198247,0.164997652249916,2.59949480822974,0.558552624761892,Besar 3
8,8,8,0,8,8,8,8,8,8,8,8,8,8,8,8,8,8,1,2,1,7,1,1,1,1,1,3,1,1,1,1,1,1,2,1,Perut,Perut,0.082305693757121,-0.237582063229789,0.0461782512311607,-0.0362074465390978,0.0322489744577844,0.00137041201219107,-0.0726955845161659,-0.238455020860753,-0.0879544819201626,-0.0669621818554806,-0.0489197165408419,-0.014841480993567,-0.71296497743746,-0.0503397025468926,2.20060629608291,-0.56005816681455,-2.28304635654948,-2.17069236935916,1.6324358526389,2.24407407889434,0.714820624517631,Besar 3
8,8,8,8,8,8,8,8,8,8,8,8,8,8,8,8,8,7,1,2,0,1,1,1,1,1,1,1,1,2,3,1,1,1,1,1,Perut,Perut,0.0925640470488089,-0.224655057311939,0.0743382847564211,-0.0457279846260861,0.0436735826238274,-0.00107304411077247,-0.0956304329032269,-0.235512639468354,-0.127720957831116,-0.0618600606070967,-0.0660811032372456,-0.0131900411387102,-0.839526804928818,-0.0391761028485248,2.26690192940112,-1.01237251912226,-2.51889536414603,-2.25608481550236,2.35014442210994,2.87036916798131,0.840523589104855,Besar 3
8,8,7,0,8,8,8,7,8,8,8,8,8,8,8,8,8,8,0,1,0,0,1,1,1,1,2,1,1,1,8,2,1,1,1,1,Perut,Perut,0.107571223529134,-0.212907084925332,0.0403982856876784,-0.0490479995729468,0.0348242661839952,0.00858130433025632,-0.108211956469534,-0.225430906651899,-0.101047804384198,-0.0636627794613082,-0.0560022528677013,-0.00536639003163084,-0.791375744581356,-0.0410882250791257,2.33513752787704,-0.354291424425592,-1.81084299745566,-2.31834870351125,1.23979375031574,2.6298477750901,0.792702044773712,Besar 3
1,8,8,1,8,8,8,8,8,8,8,8,8,8,8,7,8,8,2,0,0,1,1,1,2,1,1,1,1,1,2,1,1,1,1,3,Perut,Perut,0.0904880895424759,-0.22341408569237,-0.00554449206423114,-0.0513624444325819,0.0190228962828888,-0.00115051932415955,-0.0693947765685982,-0.231817525184775,-0.0428068834551166,-0.0562128549850364,-0.0315556181352139,-0.0029268441675453,-0.596149326238371,-0.0150302284744202,2.24540040277271,-0.151503505956069,-2.12221317154591,-2.14965692398058,0.467771889843657,0.859619772628544,0.596407697904326,Besar 3
0,0,1,0,0,8,8,1,8,8,8,8,8,8,8,8,8,8,0,0,0,0,1,7,1,0,0,1,2,1,1,1,1,1,1,1,Perut,Perut,0.0797357802650688,-0.219261502380344,-0.041265124779562,-0.0650378456786828,0.00302841378563579,0.00385693001877334,-0.0716498549046833,-0.230328264588466,0.0235331421262468,-0.0640614681940288,-0.00726543383708928,-0.00869241233798737,-0.444615259062177,-0.0226397285687339,2.20992035147105,1.10666083568652,0.223774358255245,-2.16453827264988,-0.584217166547107,1.48510500133847,0.445310185286655,Besar 3
8,7,0,1,7,8,5,7,5,8,8,8,8,8,8,8,8,8,0,0,7,0,0,8,4,0,4,1,1,1,1,1,1,2,1,1,Perut,Perut,0.0655482161184742,-0.227201708399454,-0.0389240312438767,-0.0531954957132968,0.0156396781607121,0.0126071369449659,-0.0644902737473523,-0.225286896238568,0.0164870317257291,-0.0723350407831675,-0.0132573731621414,-0.000797011453832979,-0.453739312751727,-0.0306288813491315,2.14303690119953,1.07784348983482,-0.64269204551008,-2.13857191196697,-0.42652900871076,1.00512424987496,0.454896607261783,Besar 3
0,0,0,8,8,8,8,0,8,7,8,8,8,8,8,8,8,8,0,0,0,0,1,8,1,1,1,1,2,1,1,1,1,1,1,1,Perut,Perut,0.0698763393366243,-0.226588936344429,-0.0358034453123299,-0.0436998748809249,0.0215455466155753,0.00729464269291572,-0.0656802853818709,-0.233202413784405,0.0107357508812702,-0.0542315289106436,-0.012868260365615,0.00192230523739353,-0.477326092020881,-0.0244619133708092,2.15575395296989,0.767149137129065,-1.27645908671347,-2.14509879160181,-0.3875400229582,0.315051329080769,0.478219832797482,Besar 3
0,8,0,0,8,8,8,8,8,8,8,8,8,8,8,8,8,8,0,7,1,1,3,1,1,1,1,1,1,1,1,1,1,1,1,1,Perut,Perut,0.105274342759351,-0.22240524823179,-0.0376612068142314,-0.0489916631911368,0.00170959851709931,-0.0111862599251968,-0.108491119038385,-0.2245334003829,0.0100204375244797,-0.0695619869141845,-0.016190785010156,-0.0146688248545169,-0.531870169222802,-0.0262350531491892,2.30750825275921,0.849995187838031,-1.13038643157072,-2.31086424587367,-0.382560746503702,1.46059351156671,0.532627269569771,Besar 3
