kuantKiri[4],kuantKiri[6],kuantKiri[8],kuantKiri[10],kuantKiri[12],kuantKiri[14],kuantKiri[16],kuantKiri[18],kuantKiri[20],kuantKiri[22],kuantKiri[24],kuantKiri[26],kuantKiri[28],kuantKiri[30],kuantKiri[32],kuantKiri[34],kuantKiri[36],kuantKiri[38],kuantKanan[4],kuantKanan[6],kuantKanan[8],kuantKanan[10],kuantKanan[12],kuantKanan[14],kuantKanan[16],kuantKanan[18],kuantKanan[20],kuantKanan[22],kuantKanan[24],kuantKanan[26],kuantKanan[28],kuantKanan[30],kuantKanan[32],kuantKanan[34],kuantKanan[36],kuantKanan[38],tanganKiri,tanganKanan,SRERX,SRERY,ERWRX,ERWRY,WRHRX,WRHRY,SLELX,SLELY,ELWLX,ELWLY,WLHLX,WLHLY,HRHLX,HRHLY,SSSRER,SRERWR,ERWRHR,SSSLEL,SLELWL,ELWLHL,DisHRHL,stringnamagerakan
1,0,0,0,0,0,0,0,0,0,1,3,7,0,0,8,0,0,0,0,0,1,0,3,4,5,5,8,4,1,1,1,1,7,1,1,Perut,Kepala,-0.054166667,0.005,-0.069166667,0.1325,-0.003333333,0.033333333,-0.041111111,-0.2325,-0.024444444,-0.2125,-0.001388889,-0.067777778,-0.257777778,-0.705833333,0.590071526,1.008619897,0.310898353,-2.132959748,-1.335557735,-1.999150514,0.765533919,Topeng
0,0,0,0,0,0,0,0,0,0,0,0,0,3,7,5,0,0,7,1,0,0,5,5,5,4,5,5,5,0,8,1,1,3,1,8,Perut,Kepala,-0.034282407,0.005972222,-0.09275463,0.213958333,-0.009814815,0.05537037,-0.057253086,-0.264791667,-0.03345679,-0.218402778,-0.000871914,-0.068549383,-0.27382716,-0.807662037,1.140578024,0.672694168,2.390572393,-2.127610137,-3.118514492,-2.007609216,0.862212794,Topeng
8,0,0,8,0,0,0,0,0,0,0,1,0,3,0,0,0,0,0,1,6,2,4,5,7,7,8,2,2,3,3,7,5,5,5,5,Perut,Kepala,-0.081909169,0.125776213,-0.089253669,0.180936696,-0.018788437,0.039525749,-0.028585843,-0.26447129,-0.00197026,-0.22155741,0.00788513,-0.061372337,-0.17049678,-0.894836159,-0.55562495,-0.25989309,-0.028885785,-2.065456683,-3.129653502,-3.089213382,0.91530159,Topeng
0,0,0,0,0,0,0,0,3,0,0,0,0,0,0,0,0,0,0,0,3,1,5,1,6,6,5,1,3,2,5,3,7,8,1,5,Perut,Kepala,-0.03283081,0.122938228,-0.116645935,0.159748242,-0.000244123,0.046653493,-0.029960718,-0.248179758,0.005778604,-0.228098817,0.010219031,-0.060593676,-0.199736022,-0.875689893,-0.977183962,-0.344497084,1.206326599,-2.075395931,-3.081480828,-3.084911063,0.901571671,Topeng
0,8,0,7,5,3,2,0,0,1,0,3,0,0,0,0,0,8,0,0,0,0,4,4,5,5,6,0,2,2,8,1,2,3,5,7,Perut,Kepala,-0.048474406,-0.022412856,-0.08535235,0.199745176,-0.008086608,0.03563785,-0.035632686,-0.249041805,-0.005844307,-0.21111736,0.002507885,-0.068619285,-0.222654117,-0.771292971,0.832109946,0.815600355,1.074173821,-2.125838165,-3.113734736,-2.111165781,0.811477278,Topeng
0,0,3,0,0,3,0,1,0,0,0,0,0,8,0,0,0,0,0,0,0,5,5,5,5,5,2,2,1,3,8,7,8,8,0,7,Perut,Kepala,-0.020790956,0.024377421,-0.109315343,0.191104033,-0.016057961,0.024878829,-0.032656463,-0.252195606,-0.010162342,-0.210586593,0.003402997,-0.07329498,-0.230073725,-0.790035916,0.369539489,0.081295387,0.603055137,-2.112876058,-3.148375747,-3.104094414,0.833759099,Topeng
0,0,0,0,0,0,0,1,3,0,0,0,0,0,8,0,0,0,0,0,0,0,0,5,5,3,6,5,7,3,3,2,1,0,1,3,Perut,Kepala,-0.002083944,0.032773439,-0.040547311,-0.013031556,-0.010220724,-0.011732347,-0.026074581,-0.25063441,-0.018642101,-0.213526687,0.001777317,-0.078420752,-0.309861168,-0.562106509,-0.06002544,0.484380427,1.025217492,-2.070858411,-1.284114303,-3.117876391,0.663332281,Topeng
0,0,0,0,0,0,0,0,2,0,3,0,0,7,0,0,0,0,0,1,0,0,0,0,5,3,6,6,6,0,8,2,5,7,7,1,Perut,Kepala,-0.025057887,0.008410373,-0.081404092,0.175471346,-0.012228353,0.02106299,-0.023224294,-0.254462067,-0.016351169,-0.213986852,0.000604925,-0.069956132,-0.261107255,-0.752558514,0.907692068,0.402371959,1.097976627,-2.054467202,-0.369241586,-2.969070204,0.808565069,Topeng
0,0,0,0,0,3,0,3,0,3,0,0,0,0,0,0,0,8,1,3,2,2,3,3,5,4,6,4,5,0,3,1,8,1,1,1,Perut,Kepala,0.01346832,-0.033018202,-0.133218676,0.190474901,-0.021135979,0.047963783,-0.035650636,-0.271369184,-0.012396876,-0.215944434,0.006049849,-0.070833299,-0.225587274,-0.754060616,0.916622905,0.36002863,2.237908739,-2.095207542,-3.095306416,-3.08529791,0.798320074,Topeng
0,0,8,7,0,0,0,0,3,5,0,0,0,0,0,0,0,0,1,0,0,3,0,4,4,5,5,4,7,3,8,1,8,1,1,1,Perut,Kepala,0.074540787,-0.039528283,-0.143978297,0.209735414,-0.024753777,0.044665661,-0.031268073,-0.257538033,-0.013122135,-0.217109568,0.002390274,-0.074189814,-0.272099647,-0.761779462,0.891812614,-0.3451917,1.524729517,-2.072240196,-3.167555909,-2.61263741,0.814441022,Topeng
0,8,0,0,0,3,1,0,0,3,0,0,0,0,1,0,0,0,0,0,0,0,5,5,5,6,0,2,1,3,1,1,1,1,1,0,Perut,Kepala,0.0317928,-0.025264675,-0.154554953,0.20749265,-0.029020938,0.044574046,-0.034757446,-0.266320501,-0.021197837,-0.209641932,-0.001878048,-0.069838606,-0.219502768,-0.781438318,0.928380479,0.3575231,1.201743738,-2.148234477,-1.108418373,-1.041983948,0.819961383,Topeng
7,3,7,3,0,5,8,8,8,8,8,8,8,8,8,8,0,8,0,1,0,0,0,5,1,1,1,1,1,1,1,0,1,1,0,0,Perut,Perut,0.064444444,-0.257777778,-0.025833333,0.026111111,0.008888889,0.000833333,-0.056666667,-0.2425,-0.002222222,0.004444444,-0.013333333,-0.008055556,-0.4525,-0.024166667,2.050890264,-0.242220163,-1.19125635,-2.088480151,0.46983214,2.306817225,0.45324409,Besar
5,0,8,8,8,8,8,8,8,8,8,8,8,8,8,1,0,0,5,0,1,1,1,1,1,1,1,1,1,1,0,1,0,5,0,5,Perut,Perut,0.070401235,-0.245216049,0.007060185,-0.012052469,0.007191358,-0.003310185,-0.067962963,-0.243402778,-0.029228395,-0.043765432,-0.020925926,-0.006334877,-0.542291667,-0.043171296,2.209880821,-0.241262147,-2.10628297,-2.237131006,0.45046142,1.792712508,0.545083951,Besar
0,0,0,0,0,8,8,8,8,8,8,8,8,8,8,8,8,8,3,7,0,0,0,8,1,1,1,1,1,1,1,1,1,1,1,1,Perut,Perut,0.078603705,-0.229687667,-0.044925108,-0.08387504,-0.008150315,-0.01868311,-0.087359539,-0.2515767,0.028102447,-0.085681918,0.003479224,-0.026748715,-0.424407632,-0.031823435,2.238048815,1.483320322,-0.283324009,-2.270904249,-0.514177787,0.674803927,0.426163018,Besar
0,1,0,7,8,7,8,8,8,8,8,8,8,8,8,8,8,8,0,2,0,0,0,1,1,1,1,1,1,1,2,1,1,1,2,8,Perut,Perut,0.092183436,-0.233880213,-0.032081253,-0.073718751,-0.011059731,-0.022741197,-0.094093321,-0.231432686,-0.001441599,-0.098491164,0.002874423,-0.024909687,-0.490955768,-0.029772873,2.267723439,0.292966077,-0.830554649,-2.322829795,-0.382126037,0.409691954,0.493099875,Besar
0,0,0,0,0,7,8,8,8,8,8,8,8,8,8,8,8,8,0,0,0,0,2,3,0,2,1,1,1,1,1,1,2,1,1,3,Perut,Perut,0.076992425,-0.225002994,-0.056753149,-0.099586203,-0.02251625,-0.032224337,-0.083467665,-0.23231592,0.032915554,-0.116001922,0.018621045,-0.034016134,-0.379699812,-0.028958158,2.223223855,1.052626499,0.424084031,-2.293747142,-0.968339553,0.185224719,0.383079128,Besar
8,8,8,0,8,8,8,8,8,8,8,8,8,8,8,8,8,8,0,0,0,0,1,0,0,7,1,1,1,1,1,1,1,2,2,1,Perut,Perut,0.078527567,-0.221527861,-0.036020921,-0.10193295,-0.017292118,-0.035339565,-0.071207435,-0.218119887,0.032858765,-0.127944498,0.001350585,-0.027611559,-0.421936106,-0.021082171,2.255572156,1.718953826,-0.865506435,-2.24932094,-1.136470144,0.259891623,0.422651511,Besar
0,0,0,0,0,0,0,0,8,7,8,8,8,8,8,8,8,8,0,3,6,0,0,3,7,0,0,1,1,1,1,1,1,1,1,1,Perut,Perut,0.078332197,-0.219715685,-0.063993843,-0.111158899,-0.028678466,-0.037403811,-0.067508648,-0.220268611,0.052849428,-0.134018476,0.018488696,-0.030507416,-0.331753037,-0.020317193,2.260729544,2.394364862,1.006210399,-2.236202149,-1.830221254,-0.685968715,0.332675542,Besar
0,8,1,0,1,8,8,8,8,8,8,8,8,8,8,8,7,8,3,0,0,0,7,1,1,8,1,1,1,1,1,1,1,1,2,1,Perut,Perut,0.073564783,-0.221658769,-0.031499829,-0.103087747,-0.014685513,-0.036038995,-0.076597462,-0.227229684,0.019801373,-0.124278291,0.00606913,-0.031125206,-0.431159807,-0.032508811,2.213069874,1.145005167,-0.386480984,-2.267308833,-0.509034378,-0.229644652,0.43262089,Besar
0,0,0,0,8,8,8,8,8,8,8,8,8,8,8,8,8,8,1,1,0,0,0,1,1,1,1,1,1,1,0,1,1,1,1,1,Perut,Perut,0.077826825,-0.220417947,-0.004183256,-0.102641271,-0.007580776,-0.037952191,-0.076309103,-0.218902183,0.010856328,-0.129540338,-0.000296243,-0.035679881,-0.486235463,-0.029546689,2.235993509,1.091158243,-0.280915253,-2.24587957,-0.719723672,-0.44108563,0.487225984,Besar
3,0,8,0,7,7,8,8,8,0,8,7,8,8,8,8,8,8,0,0,0,0,0,1,1,1,1,1,1,2,1,1,1,1,1,1,Perut,Perut,0.069939634,-0.222789387,-0.025116202,-0.098406702,-0.010488355,-0.029665339,-0.05684192,-0.233858394,-0.001365102,-0.106653898,-0.002786007,-0.02571333,-0.445173207,-0.022765186,2.185937761,0.693619353,0.423591681,-2.155970125,0.116038011,0.286892551,0.44662678,Besar
7,0,7,0,0,8,8,8,8,8,8,8,8,0,8,8,8,8,3,0,1,1,5,1,1,1,1,0,1,7,1,1,1,1,1,1,Perut,Perut,0.075553879,-0.215077483,-0.021253228,-0.111900186,-0.00695801,-0.036379593,-0.063245609,-0.224273844,-0.005315697,-0.124073719,-0.002855167,-0.034880926,-0.473199256,-0.020076811,2.256445919,1.974444615,-0.631972009,-2.179102082,-0.496472437,0.19952358,0.474079811,Besar
0,7,8,8,8,1,0,8,8,8,7,8,7,8,8,1,4,1,0,1,7,1,7,0,2,1,8,7,7,8,7,7,7,0,6,5,Perut,Perut,0.064444444,-0.205277778,-0.114166667,-0.038888889,-0.009722222,-0.010555556,-0.043888889,-0.221666667,0.095277778,-0.030555556,0.016666667,-0.011666667,-0.22,-0.018888889,2.132651235,1.729155342,-1.22850347,-2.057273439,-1.986451419,-0.730819864,0.22443262,Bola
0,0,0,0,0,1,5,5,8,8,8,7,7,7,7,4,1,1,0,1,0,0,0,3,4,6,1,8,7,7,7,7,7,6,3,5,Dada,Dada,0.050679012,-0.214591049,-0.10900463,-0.019969136,-0.043603395,0.001095679,-0.043441358,-0.213657407,0.089591049,-0.023904321,0.00712963,-0.01587963,-0.188055556,-0.022469136,2.168163171,1.306584409,1.609608182,-2.123362206,-1.528072913,0.941272059,0.197921614,Bola
0,0,8,0,0,2,5,5,8,8,8,7,8,7,4,1,2,1,0,0,0,2,3,5,5,5,1,1,8,8,7,7,5,5,0,3,Perut,Perut,0.071358549,-0.206376999,-0.120006948,-0.062523124,-0.063197225,-0.018579401,-0.045434754,-0.22127597,0.106025919,-0.060550852,0.02602402,-0.015151142,-0.146279364,-0.012393881,2.213647077,1.854963559,1.217475863,-2.100202377,-2.094804946,-1.384121451,0.174863625,Bola
7,0,3,1,8,8,8,8,8,8,8,7,7,8,7,4,1,2,0,0,0,5,8,1,0,1,7,7,7,7,7,7,7,6,4,5,Perut,Perut,0.060593293,-0.217121583,-0.121944637,-0.032014531,-0.015644367,-0.028849428,-0.044039854,-0.224479888,0.096278498,-0.053626413,0.010722889,-0.020976421,-0.207118871,-0.019788719,2.173029072,1.340861679,-1.04409276,-2.084267193,-0.979115074,0.196674432,0.238384667,Bola
0,0,0,3,7,3,1,8,7,8,7,7,7,7,4,1,1,0,0,5,0,3,7,1,1,1,8,8,7,7,8,7,6,6,5,0,Perut,Perut,0.069182557,-0.211795619,-0.139654278,-0.04930711,-0.033345405,-0.013278433,-0.056800957,-0.216770432,0.095745585,-0.060241996,0.046821545,-0.012647358,-0.154997777,-0.018680393,2.190581568,1.735682991,-0.247748873,-2.153334094,-1.997192889,-0.831073047,0.182571804,Bola
8,0,8,5,8,8,8,8,7,7,7,4,1,1,1,8,4,0,0,1,1,4,8,8,8,7,7,7,7,6,5,5,0,0,5,0,Perut,Perut,0.057477293,-0.216716545,-0.097490397,-0.078591864,-0.03731515,-0.028424401,-0.030744471,-0.227965845,0.081826266,-0.0802845,0.016022821,-0.02479576,-0.209861049,-0.014407789,2.18192871,2.107386639,0.738272725,-2.073260732,-0.906932342,-0.271323734,0.225069745,Bola
0,0,0,0,0,1,8,8,8,8,7,7,3,1,0,3,3,0,3,0,7,0,7,8,1,1,1,8,7,7,5,6,5,5,6,1,Perut,Perut,0.056240337,-0.224835429,-0.126803619,-0.037352309,-0.034318916,-0.014504957,-0.055610142,-0.214103369,0.110626409,-0.057415343,0.047574092,-0.016971293,-0.1467823,-0.01396945,2.166129144,1.731439918,0.01569177,-2.178358551,-1.897097677,-1.428261299,0.159453036,Bola
0,8,0,4,4,4,1,1,1,8,8,8,7,7,7,8,3,3,0,1,5,5,5,5,0,1,1,1,1,8,7,7,7,7,6,6,Dada,Dada,0.039062232,-0.224300984,-0.098244545,-0.008537564,-0.024008859,-0.007069582,-0.03237806,-0.225947316,0.105295178,-0.01798376,0.03659928,-0.010749203,-0.157410619,-0.015943596,2.055297415,1.226275015,0.601046159,-2.020199191,-0.315704696,-0.964372728,0.184646132,Bola
0,0,0,8,1,8,8,8,8,8,7,3,3,1,1,1,2,2,0,0,0,3,5,1,1,8,7,8,7,5,6,6,5,4,4,5,Perut,Perut,0.039613474,-0.223799615,-0.077074263,-0.033201032,-0.028305562,-0.009403603,-0.043998749,-0.220259219,0.068229394,-0.058023136,0.016548302,-0.018117862,-0.246055101,-0.033145018,2.053458977,1.016248129,1.215931753,-2.087162866,-0.969451251,-0.46796408,0.25478673,Bola
0,0,0,1,4,8,8,8,8,7,4,8,1,1,2,0,0,0,0,6,1,5,4,1,7,7,7,7,6,7,5,5,0,3,0,0,Perut,Perut,0.053044819,-0.208994434,-0.086029841,-0.056755584,-0.044952932,-0.023594545,-0.036499965,-0.223340534,0.074395261,-0.058556198,0.011293008,-0.026614385,-0.226557086,-0.021198473,2.134332889,1.922935363,1.028874511,-2.045662953,-1.245410346,-0.1187983,0.23235394,Bola
0,0,0,3,0,8,8,8,8,8,7,7,3,7,8,1,3,0,0,0,5,5,4,1,1,8,8,8,7,7,6,7,7,5,3,3,Perut,Perut,0.053417912,-0.213027623,-0.086000829,-0.048520988,-0.042637581,-0.015099848,-0.026291666,-0.232037237,0.060677646,-0.041904339,-0.004408528,-0.0168504,-0.247682141,-0.01892218,2.124009633,2.015249025,-0.225739728,-2.00021012,-0.286054298,-0.320758383,0.25410991,Bola
5,8,8,7,7,7,7,1,1,1,1,6,0,0,2,0,0,0,5,8,1,7,7,7,7,5,5,4,5,5,0,0,5,0,0,0,Perut,Perut,0.056944444,-0.213333333,-0.11,0.016666667,-0.033055556,0.001388889,-0.046388889,-0.215555556,0.076388889,0.005555556,0.055277778,0.007222222,-0.161388889,-0.010277778,2.192404847,1.226871987,0.091197754,-2.137892164,-1.014898662,-0.66577487,0.234501365,Bingkai
0,1,8,8,8,8,7,7,7,7,7,7,4,1,2,1,2,1,8,8,1,1,1,1,7,7,7,7,7,7,5,4,5,5,5,5,Dada,Dada,0.061026235,-0.208148148,-0.068055556,0.093796296,-0.011473765,0.015594136,-0.04378858,-0.222654321,0.038233025,0.085987654,0.005424383,0.018533951,-0.328094136,-0.018063272,2.348236003,0.196067592,0.380468778,-2.218282877,-0.30679468,-1.338677722,0.331306454,Bingkai
1,0,8,8,8,8,8,4,7,7,7,1,1,2,1,1,2,0,1,1,1,1,8,1,8,5,7,7,7,4,4,5,5,5,5,5,Dada,Dada,0.06248536,-0.197807213,-0.054018561,0.120242127,-0.010711014,0.024687958,-0.037479775,-0.214693406,0.01800018,0.1175432,3.50E-05,0.022143931,-0.360453776,-0.019782456,2.359353914,-0.007378581,0.167516434,-2.199442626,0.206380431,-1.75495232,0.361220891,Bingkai
0,3,8,8,8,8,7,7,7,7,7,4,1,1,1,1,1,0,0,1,1,1,8,8,7,7,7,7,7,5,4,5,5,5,5,0,Dada,Dada,0.07479126,-0.171883534,-0.061500516,0.11945117,-0.012797528,0.032907999,-0.065485549,-0.178741484,0.052444449,0.106042867,0.008612085,0.030059554,-0.329457049,-0.018049513,2.312609442,-0.055551505,1.342429007,-2.34427995,-0.170156634,-1.778393423,0.330189684,Bingkai
1,8,8,8,8,7,7,7,7,7,7,7,2,1,1,1,1,0,8,2,1,1,8,1,7,7,7,7,7,7,3,4,5,5,5,5,Dada,Dada,0.090165734,-0.1698317,-0.043257331,0.122252663,-0.01144506,0.034354096,-0.053561331,-0.188733597,0.015079047,0.113561761,-0.002084404,0.028564861,-0.396195569,-0.028848804,2.440160555,-0.386970628,1.254295541,-2.290892521,0.357292475,-1.533360912,0.401490099,Bingkai
2,0,8,8,8,8,8,8,7,7,7,7,7,1,1,1,1,1,5,3,3,8,1,1,1,7,7,7,7,7,7,5,5,4,5,5,Dada,Dada,0.088337937,-0.150550881,-0.038146037,0.122562574,-0.006151252,0.030676503,-0.058710037,-0.184131489,0.018474418,0.118710049,-0.007835678,0.025793468,-0.40878321,-0.029968022,2.36808362,-0.731392875,1.326749018,-2.314589303,0.394664314,-2.332827947,0.410554533,Bingkai
8,0,8,8,8,8,8,3,7,7,7,8,2,1,1,1,1,4,8,0,1,1,1,1,1,6,7,7,7,7,4,4,4,5,5,5,Dada,Dada,0.093146866,-0.172577586,-0.049180668,0.095619261,-0.008214623,0.029306078,-0.067491289,-0.190551027,0.026542033,0.09459777,-0.003979811,0.019827001,-0.401218197,-0.02256942,2.562262077,-0.454659153,1.734400231,-2.317780682,0.489622633,-1.630499159,0.402784875,Bingkai
0,0,8,8,8,8,8,8,7,7,7,7,1,1,1,1,1,2,8,4,1,1,1,1,8,8,7,7,7,7,5,4,4,5,5,5,Dada,Dada,0.104809635,-0.153960488,-0.043310574,0.119044979,-0.008839295,0.035258502,-0.080485869,-0.172515306,0.029626168,0.11707216,0.000167227,0.028328528,-0.411978283,-0.022849151,2.206976923,-0.640951328,1.368625314,-2.478257963,0.651688224,-1.49582498,0.413355958,Bingkai
1,1,0,8,8,8,8,8,7,7,7,7,7,8,1,1,1,1,0,0,8,8,8,1,8,8,7,7,7,7,7,7,5,4,5,5,Dada,Kepala,0.087858649,-0.13937034,-0.06405348,0.132684448,-0.015161141,0.029047267,-0.074128461,-0.163134657,0.037090761,0.125962247,0.009367413,0.027058895,-0.352933625,-0.021236766,2.691757987,-0.312570054,0.934812345,-2.253181251,0.415132384,-0.664353508,0.357510215,Bingkai
0,0,8,8,8,8,3,7,8,7,7,1,1,1,1,0,0,8,3,5,1,1,8,1,6,7,7,7,7,4,5,5,5,5,1,0,Dada,Dada,0.068829407,-0.171926954,-0.073168152,0.120074568,-0.015698921,0.026362424,-0.071225791,-0.18175374,0.03964141,0.100998951,0.014982428,0.027973858,-0.324248156,-0.019201021,2.469586625,-0.001124642,0.621699397,-2.366654473,0.178207511,-0.179857357,0.328650456,Bingkai
8,1,8,8,8,8,3,7,7,7,7,7,7,1,2,0,1,1,0,1,1,1,8,8,5,7,7,7,7,7,7,0,5,3,4,5,Dada,Dada,0.076078595,-0.180053526,-0.033421338,0.124168738,-0.004047192,0.026565623,-0.059756272,-0.194770937,0.008878928,0.113083304,-0.000417155,0.024665941,-0.423451338,-0.026366695,2.485722892,-0.472979322,1.002870773,-2.301801113,0.786985482,-0.952415183,0.425319437,Bingkai
0,3,0,3,2,0,7,7,5,0,3,0,0,0,4,0,0,0,6,6,4,5,7,7,0,7,3,2,3,4,4,5,6,7,3,8,Perut,Kepala,0.011666667,0.010833333,-0.093611111,0.178333333,-0.0225,0.037777778,-0.041944444,-0.255833333,-0.023333333,-0.208055556,-0.003333333,-0.071388889,-0.293333333,-0.774722222,-0.769350054,-0.251948396,-0.567717693,-2.004762056,-2.915534097,-1.331688614,0.838381287,Bingung
7,0,0,5,3,1,7,0,3,0,3,3,0,3,3,0,1,0,0,0,3,4,4,7,7,8,1,1,3,3,5,4,5,6,7,8,Perut,Dada,0.074212963,-0.000532407,-0.144544753,0.17412037,-0.047013889,0.045771605,-0.047276235,-0.257384259,-0.015092593,-0.206890432,-0.001759259,-0.074205247,-0.273703704,-0.792631173,-0.157644635,-1.180157079,-1.309713346,-2.203080995,-2.76295421,-1.736062253,0.843487231,Bingung
3,0,0,0,0,1,3,1,0,8,0,0,0,0,0,0,5,1,0,5,4,3,4,5,5,6,7,8,8,1,2,2,3,3,4,4,Perut,Kepala,0.088120535,-0.029390843,-0.135157828,0.18699392,-0.036841832,0.046547663,-0.04552259,-0.258092117,-0.008954547,-0.205931243,0.006665309,-0.075381331,-0.296175697,-0.76838166,0.638075832,-0.83632599,-0.711370694,-2.19395363,-3.096485339,-3.085365494,0.828798178,Bingung
3,0,0,5,3,0,0,7,0,0,0,1,0,0,0,3,0,0,0,0,3,3,4,5,5,7,7,8,1,1,2,3,3,4,4,5,Perut,Kepala,0.071892237,-0.014983079,-0.127087717,0.185194276,-0.037967829,0.048792991,-0.038486739,-0.244391448,0.001417929,-0.222386979,0.005185147,-0.076816148,-0.263227103,-0.785510602,0.252402493,-1.090944599,-0.322882655,-2.172010114,-2.889839757,-2.120140663,0.834394771,Bingung
0,0,5,0,3,1,0,0,0,0,0,0,0,5,1,0,0,0,0,3,3,4,5,6,6,8,1,1,2,2,3,4,4,5,5,7,Perut,Dada,0.078612571,0.014664365,-0.134303308,0.181037959,-0.046117259,0.047761414,-0.045122289,-0.248089808,-0.002105387,-0.226815113,0.007110482,-0.074573161,-0.262965453,-0.802967215,-1.159774341,-1.360190923,-1.910927541,-2.19360159,-3.055813147,-3.073113933,0.848453783,Bingung
0,0,0,0,0,0,7,0,8,0,0,0,5,0,0,0,0,0,3,3,4,5,6,7,7,8,1,1,2,3,4,5,5,6,6,8,Perut,Kepala,0.082739238,0.020129566,-0.145119536,0.168084388,-0.045169924,0.044660039,-0.04458673,-0.250502495,-0.002836261,-0.223522642,0.007697513,-0.075960366,-0.254526818,-0.806749089,-1.336545625,-1.343901479,-1.357303357,-2.239995394,-3.063345247,-2.762646688,0.85085195,Bingung
3,3,5,1,0,7,0,0,0,0,5,3,0,0,0,8,0,0,3,3,4,5,5,7,8,1,2,3,4,4,4,5,6,7,0,8,Perut,Kepala,0.092602422,0.003657507,-0.154070308,0.179381238,-0.043198434,0.042009769,-0.04486465,-0.258109956,-0.002077806,-0.217610743,0.002930322,-0.07478855,-0.264339913,-0.794820022,-0.824002083,-1.152420771,-1.169010915,-2.18175531,-3.064020897,-3.180271088,0.841536239,Bingung
0,0,0,0,0,0,0,3,0,0,0,1,0,0,8,1,0,0,7,7,8,1,2,1,3,3,4,5,5,6,7,1,1,2,3,3,Perut,Kepala,0.089516734,0.005934931,-0.149557509,0.173871701,-0.048422179,0.047000271,-0.040135129,-0.252169721,-0.002557717,-0.219378076,0.005359176,-0.075410793,-0.253453886,-0.795411667,-1.239462207,-1.252946911,-0.661149598,-2.194333902,-3.0810233,-3.145096747,0.84035204,Bingung
0,0,0,0,0,4,0,8,8,0,3,0,0,0,0,0,8,0,0,3,3,3,4,6,7,8,1,2,3,4,5,6,6,8,8,1,Perut,Dada,0.082607652,0.003600258,-0.155609226,0.168629531,-0.041163906,0.041787809,-0.043217697,-0.260541798,-0.004268949,-0.217954767,0.006709382,-0.074533496,-0.243135381,-0.772735657,-0.434272418,-1.193123056,-1.016362371,-2.188014766,-3.083169148,-3.116720221,0.815571203,Bingung
0,0,1,0,0,0,0,0,0,0,0,1,0,0,1,3,0,3,5,3,4,4,5,6,7,8,3,1,2,2,3,4,5,6,6,8,Perut,Dada,0.061461324,0.008433341,-0.150155812,0.172461931,-0.041698997,0.042549661,-0.042311603,-0.264737272,-0.010674137,-0.211332077,0.000741927,-0.077348153,-0.244531538,-0.790353768,0.130612598,-1.362763985,-0.499234251,-2.184071173,-2.946176617,-2.469693438,0.832448465,Bingung
0,0,0,0,3,0,0,1,0,0,0,0,0,0,1,0,3,0,0,3,3,3,3,4,6,7,7,8,1,1,2,3,4,5,6,7,Perut,Dada,0.066151703,-0.004487963,-0.143615439,0.177012831,-0.038936083,0.046459713,-0.054230878,-0.263742702,-0.017796504,-0.209481447,-0.004423835,-0.076315226,-0.281236987,-0.783898716,-0.138397166,-1.244371568,-0.233336992,-2.274103789,-2.75616646,-0.044559573,0.838637262,Bingung
0,0,1,0,0,5,1,6,5,2,7,8,7,8,7,4,8,7,0,5,1,0,0,5,7,5,6,0,7,7,7,7,7,6,7,7,Perut,Dada,0.095277778,-0.204166667,-0.106666667,0.001666667,-0.040277778,-0.0125,-0.045555556,-0.224444444,0.126944444,-0.002777778,0.050277778,-0.002777778,-0.155555556,-0.018333333,2.257596938,1.111672778,-1.140024222,-2.036177641,-1.404003711,0.630668408,0.157614992,Badan
8,7,8,0,0,8,0,7,7,8,5,7,8,7,7,7,7,8,0,1,3,7,1,0,7,0,7,7,6,7,7,7,7,7,7,7,Perut,Perut,0.07320216,-0.206782407,-0.088240741,-0.063009259,-0.050563272,-0.024513889,-0.073765432,-0.212345679,0.097137346,-0.084799383,0.045285494,-0.020354938,-0.218209877,-0.01912037,2.259388566,1.799291759,0.385428999,-2.227252585,-1.960487702,-1.450243232,0.219264893,Badan
0,0,0,3,1,1,7,7,7,7,7,8,0,4,7,7,7,7,0,1,5,1,5,7,7,1,1,7,7,7,7,6,7,8,7,7,Perut,Perut,0.056453088,-0.228284554,-0.092089692,-0.05723226,-0.020301361,-0.017148545,-0.064902597,-0.213960143,0.075885137,-0.091732098,0.057411486,-0.021366015,-0.230662199,-0.028348087,2.168878705,1.777395412,0.546221099,-2.239505864,-2.126614442,-2.039648417,0.233132347,Badan
0,0,8,4,8,4,7,7,7,5,7,7,7,5,7,7,7,0,0,0,1,5,1,6,0,7,7,6,7,7,7,6,7,0,1,0,Perut,Perut,0.058790364,-0.224119015,-0.077002491,-0.046034229,-0.044452816,-0.022420793,-0.052636183,-0.221498893,0.080996809,-0.076714781,0.044094763,-0.023649056,-0.218629506,-0.033009669,2.177751019,1.688602778,0.445289996,-2.166175234,-2.014183891,-1.08333412,0.221748313,Badan
7,8,8,8,4,8,7,7,7,8,7,0,3,7,8,8,0,0,1,0,0,0,5,0,7,7,7,7,7,7,6,7,7,7,7,1,Perut,Perut,0.064883326,-0.22531182,-0.098307872,-0.035706817,-0.043830596,-0.016221004,-0.069778269,-0.210672453,0.094946757,-0.07738944,0.043861184,-0.020157137,-0.206603881,-0.034678248,2.208290945,1.601708416,0.136863537,-2.256128646,-1.964925187,-1.537484621,0.209862643,Badan
0,0,0,1,8,8,5,4,0,4,7,7,8,3,0,7,6,7,0,0,0,6,1,7,6,5,0,5,7,7,7,5,7,0,5,7,Perut,Perut,0.121802315,-0.191814217,-0.102452996,-0.059047412,-0.062884183,-0.012395028,-0.088327174,-0.211963124,0.103192965,-0.053538596,0.063162811,-0.022504365,-0.228238997,-0.025963285,2.499507893,1.508119866,1.353454129,-2.328323796,-1.669304975,-0.642753658,0.230000241,Badan
7,4,8,8,8,8,3,8,0,7,7,5,4,4,7,7,8,8,0,5,1,1,1,7,6,1,5,7,7,5,5,5,7,1,8,0,Perut,Perut,0.11326528,-0.188242141,-0.102656214,-0.070138154,-0.044099448,-0.024824379,-0.08985982,-0.206220651,0.094624377,-0.072888533,0.041977749,-0.027463352,-0.270592777,-0.026925898,2.469598633,1.605574394,0.596045706,-2.358303796,-1.753310764,-0.780359329,0.27274187,Badan
8,0,0,0,3,1,7,8,3,8,6,7,8,8,0,7,7,7,0,5,5,1,1,4,7,7,5,7,6,7,0,7,7,7,8,7,Perut,Perut,0.109812924,-0.188284504,-0.093684895,-0.073059393,-0.048169429,-0.025689566,-0.087218328,-0.207672796,0.072628455,-0.05841357,0.034499382,-0.044096204,-0.297794244,-0.026581275,2.457287158,1.674298062,1.10211941,-2.348651373,-1.643416372,-0.994338576,0.299508902,Badan
7,7,8,0,0,8,8,7,8,7,8,8,7,7,8,8,8,8,0,0,0,3,1,0,7,7,1,7,7,7,7,7,7,7,7,8,Perut,Perut,0.098310041,-0.190114417,-0.089632473,-0.083273966,-0.042899822,-0.028692662,-0.066595076,-0.216147896,0.079261287,-0.053509578,0.037318287,-0.035558716,-0.265507557,-0.008238103,2.402533396,1.810660201,0.109500849,-2.249538564,-1.858964328,-0.641800031,0.27154747,Badan
0,0,0,0,0,8,0,7,7,8,7,8,7,8,4,0,7,3,0,5,1,0,1,7,7,7,1,1,7,7,7,0,6,7,7,5,Perut,Perut,0.107175279,-0.186114289,-0.091656458,-0.077590943,-0.054524995,-0.029963685,-0.10351653,-0.194059664,0.08497948,-0.075653044,0.041592175,-0.028209964,-0.292097432,-0.008839947,2.449620584,1.752125237,1.383502485,-2.42987107,-1.797669554,-0.562307116,0.292658716,Badan
0,1,1,1,8,7,8,8,0,7,7,7,8,3,7,7,7,0,0,0,5,0,0,7,1,7,8,0,0,8,8,6,7,0,7,0,Perut,Perut,0.087421536,-0.196280952,-0.099768235,-0.041599748,-0.052903472,-0.02638788,-0.072597681,-0.214834991,0.12624943,-0.045712585,-0.008011328,-0.015228055,-0.239780484,-0.014412221,2.34112412,1.536970931,-0.877065052,-2.266056331,-1.674028421,-1.460176122,0.241369919,Badan
0,1,0,0,0,0,0,0,0,8,0,0,0,0,0,1,1,0,0,0,7,0,0,0,0,0,5,0,0,0,0,0,0,0,6,5,Dada,Dada,0.170277778,-0.146944444,-0.0775,0.156111111,-0.034166667,0.045833333,-0.162777778,-0.154722222,0.0625,0.167222222,0.032777778,0.053611111,-0.455277778,0.014444444,2.746941677,-0.400057194,-2.785766675,-2.682373838,0.449689457,2.957920518,0.45553628,Rujuk
0,0,0,0,0,1,1,1,8,1,0,1,4,0,7,0,7,3,0,0,0,0,5,3,5,4,0,6,5,0,5,5,0,5,0,4,Dada,Dada,0.113618827,-0.169637346,-0.074375,0.182947531,-0.029560185,0.054050926,-0.125632716,-0.182631173,0.071180556,0.20492284,0.023132716,0.058433642,-0.369313272,0.015123457,2.604850083,-0.216114317,-1.509921013,-2.59740555,0.276779343,2.108516702,0.369682744,Rujuk
0,0,0,1,0,1,2,1,1,2,0,4,1,4,1,1,1,1,0,0,0,0,0,5,5,0,5,3,5,5,0,5,5,5,5,5,Dada,Dada,0.093289829,-0.186959597,-0.049424672,0.206244558,-0.013556759,0.043513928,-0.085644778,-0.185302956,0.014059553,0.190320157,0.017409825,0.054967927,-0.413618297,-0.001554689,2.508742282,-0.257351103,-0.779711487,-2.486111496,0.368981214,3.002256901,0.413667761,Rujuk
0,0,0,0,0,0,0,1,1,1,1,1,1,4,0,1,1,0,0,0,0,0,0,5,5,0,5,0,5,5,5,5,5,0,0,0,Dada,Dada,0.082869162,-0.194637767,-0.039150685,0.200729016,-0.01620991,0.048430942,-0.077101244,-0.192091749,0.009001654,0.182786671,0.012150273,0.052915776,-0.410378286,-0.01448763,2.408559386,-0.230234343,-0.662091396,-2.412738053,0.340204347,1.858544504,0.410673917,Rujuk
0,0,1,4,1,1,0,1,4,1,1,0,0,1,1,1,3,0,0,0,5,5,0,5,5,5,5,5,5,7,5,0,0,5,5,4,Dada,Dada,0.057479066,-0.218591541,-0.056249345,0.189421859,-0.019271767,0.054921629,-0.067227702,-0.250572602,0.0366196,0.195387953,0.014631289,0.067070151,-0.338526526,-0.016037413,2.199045465,0.015886204,-1.923259007,-2.21049959,0.07708428,1.079675979,0.339412155,Rujuk
0,0,0,1,1,1,0,0,1,1,1,1,1,1,1,1,1,0,0,5,3,5,5,5,5,5,0,0,5,0,0,5,5,5,5,0,Dada,Dada,0.068818863,-0.228571987,-0.01434026,0.202483941,-0.00886866,0.056247823,-0.073256325,-0.235849239,-0.028705011,0.187649665,0.002906425,0.061585282,-0.471625737,-0.012945484,2.279945295,-0.23800561,-1.723008755,-2.279488193,0.442565227,2.640661953,0.471869631,Rujuk
0,0,1,0,0,0,1,1,1,1,0,1,1,1,0,1,1,1,0,0,0,0,0,0,0,4,5,5,0,0,5,5,0,0,0,5,Dada,Dada,0.071272237,-0.232097664,-0.022264151,0.186815188,-0.012908078,0.062381364,-0.075519488,-0.230552353,-0.027390976,0.174450347,-0.000699918,0.060333013,-0.466081501,-0.009168939,2.261427257,-0.197407909,-1.834080324,-2.251674598,0.452602867,2.215906361,0.466282535,Rujuk
0,0,0,1,1,1,0,1,1,1,1,0,1,1,1,1,1,1,0,0,5,0,0,5,0,6,5,0,0,0,5,5,0,5,5,5,Dada,Dada,0.076424229,-0.226724935,-0.001451782,0.173244866,-0.004247447,0.065621705,-0.064042208,-0.251404232,-0.054927527,0.178456954,-0.005852775,0.06250925,-0.521280042,-0.016921359,2.295681364,-0.332111765,-1.742107889,-2.18628762,0.545717132,3.002667544,0.521590194,Rujuk
0,8,0,0,1,1,4,1,4,1,1,1,1,1,0,3,0,1,5,0,5,0,5,5,5,5,5,5,0,0,0,0,5,5,5,5,Dada,Dada,0.051663908,-0.223400251,-0.04867396,0.167950035,-0.012896796,0.053206498,-0.056554045,-0.227138429,0.014610395,0.152275044,-0.000884146,0.056298232,-0.370502531,-0.010645773,2.179992423,0.016543151,-0.751166479,-2.155341153,0.117205584,0.349079882,0.370724057,Rujuk
0,0,0,0,1,0,3,1,1,0,1,1,1,1,1,1,1,3,0,0,0,5,5,5,5,0,5,5,5,5,0,5,5,7,0,5,Dada,Dada,0.076157331,-0.229261118,0.001147946,0.17577639,-0.008691578,0.063144625,-0.074070946,-0.239364956,-0.045149711,0.185896529,-0.006135671,0.063230506,-0.520847293,-0.00224016,2.2990828,-0.343395695,-2.666001253,-2.266872227,0.537801497,2.495295483,0.520885236,Rujuk
0,0,0,0,1,0,0,0,1,1,0,1,3,1,1,1,1,1,0,0,0,0,5,0,5,0,5,0,0,0,5,5,5,5,7,0,Dada,Dada,0.079615481,-0.225257253,0.022531887,0.1696049,3.63E-05,0.062031795,-0.083168637,-0.245260138,-0.057920825,0.181552681,-0.011559324,0.062311959,-0.585579091,-0.006451116,2.311704095,-0.482385253,-1.341390251,-2.294201224,0.641148367,3.082144652,0.585682245,Rujuk
0,0,0,0,0,0,0,0,0,0,0,0,0,7,0,0,0,0,0,3,0,2,1,0,1,1,1,1,1,1,1,1,1,1,1,1,Perut,Perut,0.070555556,-0.228333333,-0.070277778,-0.000833333,-0.015833333,-0.000277778,-0.036666667,-0.26,-0.03,-0.21,-0.01,-0.070277778,-0.411944444,-0.320833333,2.150360488,0.817306538,-0.717422693,-2.044300009,-1.049036185,2.967547008,0.525078349,Samping
3,0,0,7,0,0,0,0,0,0,0,0,0,0,0,0,0,0,2,0,0,0,7,1,5,1,7,1,8,3,1,1,1,1,1,1,Perut,Perut,0.079182099,-0.238009259,-0.045563272,-0.031134259,-0.00599537,0.003881173,-0.041018519,-0.2625,-0.030833333,-0.210555556,-0.000277778,-0.080285494,-0.465054012,-0.301412037,2.217978226,0.682014343,0.396352661,-2.104818456,-3.160834832,-2.913573044,0.55695807,Samping
0,0,0,0,0,0,0,0,0,0,0,0,0,0,0,0,0,0,5,0,0,8,8,1,0,7,7,1,1,1,1,1,1,2,1,1,Perut,Perut,0.064351221,-0.239288587,-0.032612317,-0.042755505,-0.002103391,-0.003392067,-0.029753872,-0.257424769,-0.022246013,-0.219884688,-0.000277992,-0.078395282,-0.451639702,-0.287531954,2.171365536,0.560648643,-0.75967675,-2.080222329,-2.169675586,-2.956284186,0.537674341,Samping
0,0,0,0,0,0,0,0,0,0,0,0,0,0,0,0,0,0,3,5,0,3,0,1,0,1,1,8,2,8,2,1,1,1,1,1,Perut,Perut,0.056509756,-0.257202461,-0.032850342,-0.047576542,-0.005336205,-0.012316446,-0.030826496,-0.257150688,-0.020617945,-0.226107908,-7.72E-06,-0.072177647,-0.436434436,-0.258820332,2.122638221,0.551872859,-1.390800021,-2.118900495,-3.173092381,-3.133051772,0.509322886,Samping
0,0,0,0,0,0,0,0,0,0,0,0,0,0,0,0,0,0,0,0,0,0,0,0,1,1,0,1,1,3,1,1,1,1,1,1,Perut,Perut,0.061856875,-0.246047224,-0.048806212,-0.054797513,-0.009001031,-0.014091294,-0.030857119,-0.257420641,-0.020571464,-0.226285577,-5.96E-09,-0.072000137,-0.424241076,-0.257661127,2.167635815,1.014842488,-1.387442833,-2.118513259,-3.201865765,-3.138098377,0.497651854,Samping
0,0,0,0,0,3,0,7,3,0,0,0,0,7,3,0,0,0,0,0,0,0,0,5,1,0,3,1,1,1,1,1,1,1,1,1,Perut,Perut,0.072273802,-0.248501312,-0.029411284,-0.078466598,-0.004416695,-0.023169203,-0.030857142,-0.267150573,-0.02057143,-0.22628571,-1.66E-10,-0.074500004,-0.450117808,-0.228268365,2.201014286,1.042082818,-1.248725233,-2.066271077,-3.206316651,-3.138102166,0.50671891,Samping
0,0,1,0,0,0,0,0,0,1,0,0,0,0,0,1,8,0,0,7,7,0,1,1,1,1,1,1,1,1,1,1,1,1,1,1,Perut,Perut,0.076159162,-0.25320872,-0.011812817,-0.060292027,0.00193332,-0.021260161,-0.030625661,-0.263817246,-0.020748898,-0.219896825,-0.00371142,-0.072001929,-0.481597313,-0.240407614,2.176715136,0.64726042,-1.311184068,-2.080189259,-3.034687217,-0.85527416,0.540132743,Samping
0,0,0,0,0,0,0,0,0,0,0,0,0,0,0,0,8,0,8,8,0,8,0,0,0,1,1,8,2,7,1,1,1,1,1,1,Perut,Perut,0.073782199,-0.251200242,-0.030328134,-0.078897001,-0.021890741,-0.02559056,-0.030850713,-0.267328257,-0.020576358,-0.226108245,-0.000658651,-0.072000054,-0.433655481,-0.2202891,2.203079812,1.188509956,-0.269439129,-2.065206522,-3.201672803,-2.733507701,0.487383948,Samping
0,0,0,0,1,0,0,0,0,0,0,0,0,1,0,0,0,0,0,0,0,0,0,1,1,1,2,1,1,1,2,1,1,2,1,1,Perut,Perut,0.074810017,-0.248573457,-0.013441611,-0.080361803,-0.020695903,-0.021709561,-0.030857138,-0.260206272,-0.020571432,-0.226285577,-0.004198039,-0.072,-0.460743561,-0.222021828,2.222858689,1.188415626,0.181790456,-2.103557091,-3.203152351,-0.559965388,0.512277359,Samping
3,0,7,0,0,0,0,0,0,0,1,8,1,0,0,1,0,0,0,7,0,0,0,1,0,1,8,1,1,1,0,1,1,1,1,1,Perut,Perut,0.068189167,-0.244960374,-0.0425956,-0.071398939,-0.010019331,-0.025880821,-0.025023809,-0.257227952,-0.023626984,-0.22628571,-0.001227723,-0.081444444,-0.433631766,-0.238945051,2.148309359,1.097564838,-1.469719561,-2.047308567,0.426582365,-2.019397417,0.496323954,Samping
0,0,0,0,0,0,0,0,0,0,0,0,0,3,0,0,0,0,0,0,0,1,2,1,1,1,1,2,1,1,1,2,1,0,1,1,Perut,Perut,0.101338588,-0.23736001,0.023816789,-0.068094415,0.00916613,-0.017941134,-0.030695106,-0.257422999,-0.020656305,-0.226285714,-0.005034103,-0.075040123,-0.550934216,-0.248304029,2.323305773,0.037145868,-0.400291791,-2.073865378,-3.101100558,-0.035408454,0.605664125,Samping
3,5,3,0,3,1,1,1,1,0,7,8,1,0,1,7,0,0,2,5,5,0,0,0,0,0,0,7,0,0,0,1,0,0,0,0,Perut,Kepala,0.181148294,-0.08826,-0.0171162,0.210886266,-0.016412052,0.069223857,-0.045019308,-0.268539528,-0.020296008,-0.238507937,-0.004584281,-0.074584448,-0.56502595,-0.79245289,3.019557201,-1.056422227,-2.993457887,-2.129276731,-2.96966457,0.023723537,0.975691797,Hai
7,1,1,1,1,1,0,0,8,8,8,0,8,0,0,1,0,0,0,0,0,0,0,7,0,0,0,0,0,0,0,0,0,0,0,0,Perut,Kepala,0.157809675,-0.091896111,-0.011586561,0.209191285,-0.010733668,0.095256218,-0.04708387,-0.259681654,-0.031674889,-0.22162522,-0.007627341,-0.073460679,-0.579861832,-0.770901469,3.013257896,-1.016403536,-2.297119715,-2.117274033,-1.968090424,-0.303476911,0.965038305,Hai
0,0,0,0,0,0,0,0,1,0,0,0,0,0,0,0,1,0,0,0,0,0,0,0,0,0,0,0,0,0,0,0,0,1,0,1,Perut,Kepala,0.150692754,-0.123141895,-0.010317582,0.222399067,-0.01528606,0.086130599,-0.051425219,-0.260200372,-0.020579996,-0.212948785,-0.001888601,-0.082001127,-0.542052363,-0.761096375,2.888279858,-0.862976111,-3.089931771,-2.268739126,-3.128792811,-1.970908865,0.93440447,Hai
0,0,0,0,0,0,0,0,0,0,0,0,0,0,0,0,0,0,0,0,0,0,0,0,0,0,0,0,0,0,0,0,0,0,0,0,Perut,Kepala,0.14418591,-0.113420608,-0.0102866,0.216177752,-0.010424613,0.082392517,-0.041428478,-0.257227788,-0.030571667,-0.215915244,-5.25E-05,-0.072277809,-0.54505701,-0.751141566,2.895146027,-0.881215545,-3.1506522,-2.232314703,-3.211745357,-3.054443067,0.928064321,Hai
0,0,3,0,0,0,0,0,0,0,0,0,0,0,0,0,3,0,5,0,5,5,1,0,5,0,1,0,0,1,0,1,0,0,0,0,Perut,Kepala,0.146183785,-0.114439368,-0.011358246,0.207018656,-0.015617612,0.092563574,-0.051227954,-0.257142923,-0.019660935,-0.215999935,-0.001111152,-0.081691572,-0.539811001,-0.76054872,2.899145886,-0.876195588,-3.116054701,-2.27034392,-3.122445672,-2.453715781,0.932656078,Hai
7,0,0,0,0,0,0,0,0,0,3,0,0,7,0,0,0,0,0,0,0,0,0,0,0,0,0,0,0,0,0,0,0,0,0,0,Perut,Kepala,0.144060661,-0.115956649,-0.010315507,0.208528296,-0.010433823,0.09257121,-0.051422999,-0.257142859,-0.011657248,-0.224055554,-0.008919754,-0.073102544,-0.54499475,-0.760015242,2.830357512,-0.868018087,-3.1667911,-2.221864039,-3.081801231,2.301185641,0.935225632,Hai
0,0,0,0,0,0,0,0,0,0,0,0,0,0,0,0,0,0,0,0,0,0,0,0,0,0,0,0,0,0,0,0,0,0,0,0,Perut,Kepala,0.144000047,-0.113445954,-7.96E-06,0.215971087,-0.020563606,0.092316799,-0.051428567,-0.257142857,-0.02056455,-0.226006216,-0.000107191,-0.072000851,-0.534965274,-0.770864209,2.911655816,-0.929347282,-3.005889621,-2.270475315,-3.121655714,-3.072183647,0.938310133,Hai
0,0,0,0,0,0,0,0,0,0,0,0,0,0,0,0,0,0,0,0,0,0,0,0,0,0,0,0,0,0,0,0,0,0,0,0,Perut,Kepala,0.154000001,-0.107873499,-0.020000221,0.218776975,-0.023626767,0.0845088,-0.057261905,-0.257142857,-0.024737904,-0.21627795,-0.010002978,-0.072000024,-0.551804591,-0.761412895,2.899390655,-0.893707417,-3.044525777,-2.244121518,-3.123168192,0.410875554,0.940352567,Hai
7,0,0,3,0,0,0,0,0,0,0,0,0,0,0,0,0,0,0,0,0,0,0,0,0,0,0,0,0,0,0,0,0,0,0,0,Perut,Kepala,0.154285494,-0.116749902,-0.00029321,0.222946587,-0.020296008,0.08228743,-0.051386776,-0.257397487,-0.020443471,-0.216856696,-0.010138891,-0.07317284,-0.555147997,-0.763427016,2.895189911,-0.94838489,-2.984097072,-2.271139713,-3.125360174,3.091753108,0.943939288,Hai
0,0,0,0,0,0,0,0,0,0,0,0,0,0,0,0,0,0,0,0,0,0,0,0,0,0,0,0,0,0,0,0,0,0,0,0,Perut,Kepala,0.154285708,-0.103243053,-0.010008145,0.206192961,-0.010563778,0.092285762,-0.05142741,-0.25714993,-0.020567874,-0.226023797,-0.000281636,-0.072032579,-0.545420778,-0.771206306,2.992782662,-0.959179352,-3.163785413,-2.271121684,-3.121672541,-2.965050736,0.944588654,Hai
0,0,0,0,0,0,0,0,0,0,0,0,0,0,0,0,0,0,0,0,0,0,0,0,0,0,0,0,0,0,0,0,0,0,0,0,Perut,Kepala,0.154285714,-0.102867863,-0.010278004,0.215727582,-0.010293438,0.082563493,-0.051428539,-0.257143054,-0.02057133,-0.226278439,-0.000285601,-0.072000905,-0.545428355,-0.771422397,2.989284038,-0.961854491,-3.15270369,-2.265650567,-3.121570107,-2.962703946,0.944768002,Hai
0,0,0,0,0,0,0,0,0,0,0,0,0,0,0,0,0,0,0,8,5,0,0,0,5,0,0,0,0,4,7,3,0,7,0,0,Perut,Kepala,0.18,0.02,-0.153888889,0.159166667,-0.068611111,0.058055556,-0.05,-0.248333333,-0.02,-0.211666667,-0.009444444,-0.078333333,-0.366944444,-0.827222222,-2.906580438,-0.914742775,-2.698208828,-2.168338158,-3.037100192,2.766393146,0.904987114,Hormat
0,0,0,0,0,0,0,0,0,0,0,0,0,0,0,0,0,0,0,0,7,0,7,7,5,0,5,0,0,0,0,0,0,0,0,0,Perut,Kepala,0.185,0.020555556,-0.165941358,0.164143519,-0.067739198,0.060501543,-0.051388889,-0.256898148,-0.029166667,-0.21587963,-0.001651235,-0.072175926,-0.372692901,-0.851589506,-2.987721353,-0.91584572,-1.074550996,-2.269588586,-3.163937855,-2.07641483,0.929587529,Hormat
0,0,0,0,0,0,0,0,0,0,0,0,0,0,0,0,0,0,0,5,0,0,0,1,0,0,0,0,0,0,0,0,0,0,0,1,Perut,Kepala,0.185142747,0.020571416,-0.166092547,0.167534061,-0.066757515,0.058750387,-0.051428541,-0.255476002,-0.030578061,-0.224055463,-0.000279052,-0.07394458,-0.374006707,-0.853712646,-2.973656861,-0.926306553,-3.150138532,-2.258248731,-3.166492096,-2.920466203,0.932055136,Hormat
0,0,7,0,0,1,0,3,0,0,0,8,0,0,0,0,0,0,0,5,0,0,0,0,0,3,3,0,0,7,4,0,0,0,0,0,Perut,Kepala,0.182087299,0.010849206,-0.177113682,0.175764835,-0.059354375,0.059131955,-0.051428571,-0.257096556,-0.031127168,-0.224834874,-0.00639664,-0.079276238,-0.367055742,-0.858436462,-3.04074069,-0.865228379,-2.185914184,-2.246177969,-3.169854342,-2.990420958,0.933631598,Hormat
0,0,0,0,0,0,0,0,0,0,0,0,0,0,0,0,0,0,0,0,0,7,3,7,3,0,1,1,0,0,7,0,0,0,0,1,Perut,Kepala,0.181282475,0.007330902,-0.17961197,0.169016794,-0.059922341,0.058695318,-0.051482584,-0.257976155,-0.030849635,-0.225134903,-0.010282713,-0.08226796,-0.38313816,-0.852344473,-3.076500315,-0.818436263,1.554609558,-2.244229366,-3.168827691,-3.204470073,0.934516611,Hormat
0,0,0,0,0,0,0,0,0,0,0,0,0,0,0,0,0,0,0,0,0,0,0,0,0,0,7,8,3,1,0,0,0,0,0,0,Perut,Kepala,0.175035624,0.010203636,-0.174989221,0.164694911,-0.061108954,0.060241537,-0.051430072,-0.267166004,-0.030856934,-0.218198192,-0.010285631,-0.080340777,-0.371198282,-0.852287346,-2.989724218,-0.836594567,2.638438708,-2.257496287,-3.180285929,-1.995982614,0.929621641,Hormat
0,0,0,0,0,0,0,0,0,3,0,0,0,0,0,0,0,0,0,5,1,0,3,1,3,0,3,0,3,0,5,0,0,0,0,5,Perut,Kepala,0.174764688,0.003109725,-0.194602615,0.173182635,-0.055957646,0.058619014,-0.061837523,-0.257158307,-0.04113492,-0.226233178,-0.010347443,-0.08199872,-0.3767679,-0.861737876,-3.154125332,-0.766106047,2.091280037,-2.307957848,-3.173629185,-3.126067521,0.940524272,Hormat
0,0,0,0,0,0,0,0,0,0,0,0,0,0,0,0,0,0,3,4,4,8,0,0,4,8,0,5,1,0,4,0,7,0,4,0,Perut,Kepala,0.175132352,0.013697492,-0.185683406,0.176199518,-0.044332157,0.04607275,-0.052551042,-0.26047662,-0.041142637,-0.212950922,-0.010287429,-0.082277742,-0.387687997,-0.853381608,-3.02522467,-0.860635759,0.199132334,-2.27483819,-1.128527853,-3.161503334,0.937358416,Hormat
0,0,0,0,0,0,0,0,0,0,0,0,0,0,0,0,0,0,0,0,5,0,7,0,0,0,3,0,0,0,0,0,0,0,5,5,Perut,Kepala,0.174857355,0.000573841,-0.184788336,0.184510956,-0.050543466,0.05198771,-0.051205672,-0.257307467,-0.030865079,-0.216159684,-0.010285716,-0.082123671,-0.371255932,-0.843937794,-3.037052686,-0.81043067,-2.16315058,-2.268909132,-3.173550749,-3.111845788,0.921993119,Hormat
0,0,0,0,0,0,0,0,0,0,0,0,0,0,0,0,0,0,7,0,0,0,0,0,0,0,0,0,0,7,7,7,0,0,0,0,Perut,Kepala,0.174857149,0.000571496,-0.185133009,0.184569749,-0.051403985,0.052555214,-0.05142238,-0.26714743,-0.030857363,-0.216004436,-0.010285714,-0.072281213,-0.370312665,-0.844553828,-3.037343066,-0.809587469,-2.51520866,-2.263652451,-3.181655608,3.055152493,0.922173822,Hormat
0,0,0,0,0,0,0,0,0,0,0,0,0,0,0,0,1,8,0,7,0,3,0,3,0,0,0,0,0,0,0,0,0,0,0,0,Perut,Kepala,0.174857143,0.000849208,-0.185142584,0.186515826,-0.051427888,0.057570978,-0.051428399,-0.257420762,-0.030857149,-0.216000123,-0.010563492,-0.082007811,-0.370564241,-0.851793162,-3.035719026,-0.816535863,0.751702776,-2.270913704,-3.174473471,-2.868002979,0.928910095,Hormat
0,0,0,0,0,0,0,0,0,0,0,0,0,0,0,0,0,7,7,0,3,1,5,0,5,0,3,0,0,0,0,6,3,0,1,8,Perut,Perut,0.061388889,-0.18,-0.187777778,-0.035,-0.065,0.001944444,-0.05,-0.27,-0.029444444,-0.21,-0.000555556,-0.07,-0.237222222,-0.336944444,2.184164709,1.428763216,2.232160695,-2.02821057,-3.097770816,-2.661120993,0.412131531,Hamba
0,8,0,1,5,8,0,0,0,0,0,0,0,0,0,0,0,8,8,0,1,3,3,0,0,4,5,0,0,0,0,4,5,0,0,1,Perut,Perut,0.071705247,-0.185,-0.189104938,-0.041805556,-0.060972222,-0.006612654,-0.030555556,-0.2575,-0.020817901,-0.215833333,0.008040123,-0.081944444,-0.225478395,-0.331859568,2.273305708,1.483032125,-0.231432889,-2.0810953,-2.682865759,-3.020386118,0.402874058,Hamba
0,0,0,0,0,0,1,1,1,8,0,1,0,1,0,1,1,0,1,0,1,0,0,0,3,3,0,1,0,0,5,0,0,1,6,0,Perut,Perut,0.061721995,-0.185142747,-0.215107334,-0.045371764,-0.05433717,0.00258749,-0.028125429,-0.257143133,-0.020571619,-0.220999871,0.014450648,-0.077285451,-0.18925577,-0.337786929,2.239983019,1.499243344,2.894436186,-2.054920601,-1.498202123,-2.943208176,0.387346246,Hamba
0,0,0,0,0,0,0,0,0,0,0,0,0,0,0,0,0,0,0,0,0,0,0,0,0,0,3,0,7,7,0,0,0,0,0,0,Perut,Perut,0.071992278,-0.195142854,-0.216252982,-0.041538105,-0.061509366,0.001738541,-0.020781262,-0.257142865,-0.000571434,-0.236138885,0.010401407,-0.072146818,-0.175257105,-0.340771859,2.273324686,1.44744036,3.005215328,-2.013586312,-3.103379394,-3.081451382,0.38321236,Hamba
0,0,0,0,0,0,0,0,0,0,0,0,0,0,0,0,0,0,0,0,0,0,0,0,0,0,0,7,3,0,0,0,0,1,3,0,Perut,Perut,0.072131167,-0.193761684,-0.226409146,-0.05142094,-0.057817523,0.007447329,-0.030293813,-0.256309524,-0.000278219,-0.226293317,0.010563581,-0.082254743,-0.168476279,-0.33657467,2.247550323,1.478730767,2.866082344,-2.035699814,-3.111558496,-3.098737932,0.376406605,Hamba
0,0,0,0,0,0,0,0,0,0,0,0,0,0,0,0,0,0,7,0,0,0,0,0,0,0,0,7,0,0,0,0,7,7,0,0,Perut,Perut,0.082003644,-0.185382269,-0.228233587,-0.051428359,-0.060217153,0.006040204,-0.020841495,-0.248508598,-0.010007728,-0.226285925,0.010293433,-0.082284854,-0.174124341,-0.33518263,2.337504052,1.41529358,2.902327849,-2.024719365,-3.190766777,-3.057890433,0.377723375,Hamba
0,0,0,3,0,0,7,0,0,0,0,0,0,0,0,0,0,0,0,0,0,0,0,3,3,3,0,0,0,3,0,1,0,7,0,0,Perut,Perut,0.082192904,-0.195413104,-0.233524872,-0.051428571,-0.062855106,0.005537068,-0.020571637,-0.256943294,-0.0102855,-0.226285714,0.010316584,-0.076436948,-0.166446084,-0.328831159,2.318154523,1.429204852,2.918835739,-2.028671104,-3.195894805,-3.046092028,0.368574983,Hamba
0,1,0,0,0,0,1,1,0,0,0,0,0,0,0,0,0,0,0,0,0,0,0,0,5,3,0,3,1,0,0,0,0,0,0,0,Perut,Perut,0.082283136,-0.195428142,-0.226486802,-0.051428571,-0.065357086,0.009042696,-0.020571434,-0.255192869,-0.020285708,-0.226285714,0.008619905,-0.072123249,-0.182679058,-0.328023088,2.298389761,1.435450617,2.858208904,-2.019494197,3.04263175,-3.017298888,0.375504969,Hamba
0,0,0,0,0,0,0,0,0,0,0,0,0,0,0,0,0,0,5,0,1,1,0,0,0,0,7,0,0,0,3,0,0,0,0,1,Perut,Perut,0.082285712,-0.185150793,-0.226285869,-0.051428571,-0.06438685,0.002383521,-0.020610009,-0.257141353,-0.01029343,-0.226285714,0.010268997,-0.072000095,-0.172208857,-0.321240759,2.357343016,1.415379771,2.96225753,-1.962712223,-3.190996185,-3.038882579,0.364509171,Hamba
0,0,0,0,0,0,0,0,0,0,0,0,0,0,0,0,0,0,0,0,3,0,0,0,7,0,0,3,0,1,5,5,0,0,0,5,Perut,Perut,0.082285714,-0.185143078,-0.226285719,-0.051428571,-0.064566301,0.003121764,-0.0205725,-0.257142815,-0.010285929,-0.226285714,0.01028525,-0.072000003,-0.172005802,-0.32197891,2.357387275,1.415364703,2.949938888,-1.962469811,-3.19582473,-3.038685725,0.36506251,Hamba
8,0,0,0,0,0,0,0,0,0,0,0,0,0,0,0,0,0,0,0,3,0,0,0,0,7,7,0,3,0,3,3,0,0,0,0,Perut,Perut,0.082285714,-0.195142863,-0.226285714,-0.051428571,-0.063182397,0.00453116,-0.020571458,-0.256309523,-0.01028572,-0.226285714,0.010007924,-0.072,-0.173666828,-0.323388303,2.279780415,1.435066168,2.926659387,-1.966785278,-3.195682919,-3.042621841,0.367089167,Hamba
0,0,0,0,0,0,0,0,0,0,0,0,0,0,0,0,0,0,0,0,0,0,0,0,0,0,0,0,0,0,0,7,0,0,0,0,Perut,Perut,0.033333333,-0.223611111,-0.058888889,-0.052222222,-0.004444444,0.003611111,-0.02,-0.253055556,-0.02,-0.215,0,-0.061944444,-0.37,-0.267777778,2.008635933,2.127185572,1.339013932,-1.955570766,3.127682425,-3.048786857,0.456745402,Wadah
0,0,0,1,0,0,0,0,0,0,0,0,0,0,0,0,0,0,1,1,0,0,0,0,0,0,0,4,5,0,0,0,0,0,0,5,Perut,Perut,0.034537037,-0.219544753,-0.065524691,-0.057006173,-0.002067901,-0.010733025,-0.020555556,-0.263695988,-0.020555556,-0.217361111,0.007777778,-0.061720679,-0.370277778,-0.267716049,2.074805711,2.154124515,-0.753294516,-2.017948437,3.211908357,-3.003476586,0.456947595,Wadah
0,0,0,0,0,0,0,0,0,0,0,0,0,0,0,0,0,0,0,1,0,8,0,0,0,0,0,0,0,0,0,8,1,8,0,0,Perut,Perut,0.040188686,-0.234490389,-0.057511979,-0.054496147,-0.002486164,-0.008164146,-0.020571416,-0.257147914,-0.010293639,-0.216278828,0.000561557,-0.061714291,-0.37772398,-0.258277559,2.077389779,2.205548144,-0.775664669,-2.077422027,-3.193178168,-3.173156826,0.45763583,Wadah
0,0,0,0,3,0,0,0,0,0,0,0,0,0,0,0,0,0,0,0,0,0,0,0,0,0,0,0,0,0,0,0,0,0,0,0,Perut,Perut,0.041116352,-0.216513622,-0.042430888,-0.080680449,-0.009235727,-0.011060115,-0.020571428,-0.257142998,-0.020285934,-0.216007745,1.56E-05,-0.059769841,-0.390492333,-0.245229932,2.102774545,2.538340201,1.763594248,-2.079223769,3.037771539,-3.134784192,0.461133536,Wadah
0,0,0,0,0,0,0,0,0,0,0,0,0,0,0,0,0,0,0,0,0,0,0,0,0,0,0,0,0,0,0,0,0,0,0,0,Perut,Perut,0.041142837,-0.209611507,-0.063265765,-0.08290176,-0.00834046,-0.016057917,-0.020571429,-0.247104277,-0.020571208,-0.225483031,0.000254642,-0.052175748,-0.380424763,-0.236763295,2.109581275,2.357865197,-0.805752085,-2.064463516,3.223055271,-3.133304627,0.448087601,Wadah
1,0,0,0,0,0,1,0,0,0,0,0,0,0,0,0,0,0,0,0,0,0,5,0,0,0,0,0,0,0,8,3,5,0,0,8,Perut,Perut,0.041142857,-0.215822542,-0.057312938,-0.093969493,-0.002731679,0.000109502,-0.020571429,-0.246864008,-0.020571422,-0.226263418,0.008618184,-0.051449326,-0.373900688,-0.235465647,2.103668754,2.46196024,-0.257214547,-2.082175056,3.223603311,-2.967989496,0.441889858,Wadah
0,0,8,1,0,0,0,8,8,1,0,0,0,8,1,0,0,0,0,0,0,0,0,0,0,0,0,0,0,0,0,0,0,0,0,0,Perut,Perut,0.041104277,-0.209888752,-0.061703174,-0.118791643,-9.47E-05,0.009961504,-0.020571429,-0.246857148,-0.020571429,-0.226285697,0.005855415,-0.05144402,-0.374632639,-0.226439403,2.108860912,2.538635411,0.48985916,-2.08268071,3.223618958,-3.022518981,0.437759649,Wadah
0,0,0,0,0,0,0,0,0,0,0,0,0,0,0,0,0,0,0,0,0,0,0,0,0,0,0,0,0,0,0,0,0,0,0,0,Perut,Perut,0.041141785,-0.215830243,-0.061713977,-0.113299768,-2.63E-06,0.010276708,-0.020571429,-0.246857143,-0.020571429,-0.226285714,0.00016265,-0.051429001,-0.380406462,-0.226289983,2.12048217,2.524542077,0.512953921,-2.064780188,3.223618969,-3.134891627,0.442624855,Wadah
0,0,0,0,0,0,0,0,8,0,1,0,0,0,0,0,0,0,0,0,0,0,0,0,0,0,7,0,0,0,0,5,2,0,0,3,Perut,Perut,0.031081128,-0.215760671,-0.062563051,-0.111067361,0.001404319,0.008703917,-0.020571429,-0.246857143,-0.015849206,-0.21684127,0.004722348,-0.060873016,-0.371682412,-0.227018742,2.041910672,2.558192159,0.328294419,-2.082667288,0.274815141,-3.077473075,0.435534692,Wadah
0,0,0,0,0,0,0,0,0,0,0,0,0,0,0,0,0,0,0,0,0,0,5,0,0,0,0,0,0,0,0,3,0,7,0,0,Perut,Perut,0.040863365,-0.215993352,-0.057293418,-0.094751871,-0.013016547,-0.006980447,-0.020571429,-0.246857143,-0.015995811,-0.22463448,0.005686732,-0.053079806,-0.3717134,-0.227417187,2.101789015,2.479828432,1.202138597,-2.064779816,0.368690022,-3.050741736,0.435777007,Wadah
0,0,8,0,0,0,0,0,0,0,0,0,0,0,0,0,0,0,0,0,0,0,0,0,0,0,0,0,0,0,0,0,0,0,0,0,Perut,Perut,0.038079538,-0.215999815,-0.042980373,-0.08346533,-0.022028237,-0.019360568,-0.020571429,-0.250190476,-0.020444328,-0.216239847,0.000435743,-0.061474439,-0.380047594,-0.226317144,2.095843941,2.563359892,2.294314512,-2.047475354,3.13891982,-3.12679631,0.442331882,Wadah
0,0,0,8,6,2,7,1,7,7,7,0,0,3,1,7,3,0,0,0,0,7,5,0,7,7,0,0,0,0,0,0,0,0,0,0,Perut,Perut,0.093611111,-0.224444444,-0.103333333,-0.041111111,-0.055555556,-0.004722222,-0.076944444,-0.233611111,0.108055556,-0.045555556,0.039722222,-0.006388889,-0.203888889,-0.020555556,2.235546773,1.545780441,2.826155465,-2.186290351,-1.65966274,-1.619667077,0.205138038,Gang
0,0,3,0,7,0,0,3,7,0,0,0,0,0,3,0,3,3,7,0,7,5,7,3,4,0,0,5,7,1,0,0,5,3,1,5,Perut,Perut,0.073155864,-0.22345679,-0.112037037,-0.060864198,-0.04904321,-0.013186728,-0.062137346,-0.23621142,0.08966821,-0.070432099,0.074436728,-0.01628858,-0.159552469,-0.025570988,2.234481865,1.795852219,1.733413382,-2.173067937,-2.046034405,-1.530615195,0.161854342,Gang
0,0,0,0,0,0,0,0,0,0,0,7,0,0,7,0,7,0,0,0,4,0,0,0,0,0,0,1,3,1,0,0,0,0,0,0,Perut,Perut,0.073767867,-0.224477976,-0.106104967,-0.074182766,-0.058942163,-0.019886718,-0.056691464,-0.243762509,0.072329991,-0.083719469,0.077225646,-0.020853618,-0.165570642,-0.029788249,2.23673049,1.91836661,2.592115215,-2.14484952,-2.264576316,-2.611404361,0.168311463,Gang
0,0,0,0,0,0,3,0,0,1,8,0,8,0,1,7,0,0,0,0,0,0,0,0,0,0,0,0,0,8,0,0,7,0,0,8,Perut,Perut,0.070382441,-0.245124388,-0.107391805,-0.072616188,-0.044970616,-0.024996853,-0.031574763,-0.24566007,0.043953611,-0.065936652,0.038534046,-0.030579267,-0.206821407,-0.009438562,2.207272346,1.940197884,1.733722301,-2.102733117,-2.499235405,-2.049958444,0.207400532,Gang
0,0,0,0,0,0,0,0,0,3,0,0,0,0,0,0,0,0,0,0,0,0,0,0,0,0,0,5,0,0,0,0,0,0,0,0,Perut,Perut,0.081458628,-0.247133584,-0.145607555,-0.068389364,-0.046547045,-0.025165893,-0.050302141,-0.24730375,0.100820952,-0.100320939,0.051464918,-0.016944891,-0.13692656,-0.035107591,2.23116046,1.744287314,-0.731910181,-2.170209948,-2.215346587,-2.746677047,0.141561986,Gang
0,8,0,0,0,8,0,0,0,0,0,0,0,0,0,0,0,0,0,0,0,0,0,0,0,0,0,0,0,0,0,0,0,0,0,0,Perut,Perut,0.075040517,-0.2496426,-0.136822432,-0.062177482,-0.051292973,-0.030421275,-0.043619504,-0.265202882,0.102245026,-0.099175582,0.045596248,-0.025748469,-0.132414627,-0.050975211,2.194864125,1.754415905,-2.877886809,-2.079312798,-2.239242,-2.787995212,0.141926732,Gang
7,3,3,0,0,0,7,0,8,0,0,8,0,0,0,3,0,0,0,6,6,2,0,2,2,2,3,0,0,0,0,0,0,6,0,0,Perut,Perut,0.06412426,-0.225100033,-0.107327795,-0.107872051,-0.056984022,-0.034707115,-0.044200324,-0.231153706,0.084531053,-0.101326524,0.060305244,-0.034556905,-0.148890752,-0.013303222,2.173647009,2.141142524,2.956767302,-2.157255914,-2.323775723,-2.837058664,0.150973068,Gang
0,0,0,8,8,7,8,7,0,8,3,1,8,7,3,7,3,8,2,3,0,0,0,0,0,0,0,0,0,0,0,0,0,0,0,0,Perut,Perut,0.062059007,-0.217919445,-0.103536883,-0.111329779,-0.061027334,-0.040408531,-0.046783342,-0.230309825,0.087070307,-0.116425737,0.056952923,-0.035404358,-0.149969188,-0.022869534,2.139714393,2.17525511,2.811409454,-2.117281757,-2.365458372,-2.470636835,0.152561367,Gang
0,3,7,0,0,8,0,8,0,0,7,3,0,0,0,7,0,0,0,7,0,0,0,0,0,7,0,0,7,7,7,0,0,0,0,7,Perut,Perut,0.061907453,-0.226657345,-0.123675569,-0.084692384,-0.051343385,-0.04323334,-0.057559246,-0.226288819,0.080206073,-0.112890761,0.07306092,-0.060058182,-0.140972198,-0.054940486,2.163293612,1.958699593,-2.406268535,-2.20046106,-2.342768786,-2.958520928,0.151562972,Gang
0,7,8,7,7,3,0,0,8,8,0,0,8,7,8,8,7,0,0,0,0,0,0,0,0,0,0,0,0,0,0,0,0,0,0,0,Perut,Perut,0.061719651,-0.226296037,-0.123435432,-0.082352566,-0.051426205,-0.051200926,-0.041876646,-0.226285801,0.079450169,-0.119802521,0.06952947,-0.05333495,-0.139193672,-0.049859458,2.131551881,1.946955203,-3.011037886,-2.0900474,-2.443987019,-2.890605107,0.14816732,Gang
0,0,0,0,0,0,0,7,0,7,7,7,0,8,0,0,0,7,7,3,7,0,0,0,0,0,0,3,0,0,0,0,1,0,0,0,Perut,Perut,0.073658879,-0.224619334,-0.105650984,-0.102009794,-0.051428506,-0.041977804,-0.061441018,-0.236285717,0.089984727,-0.09055007,0.064431374,-0.01481486,-0.173310935,0.01055946,2.219043837,2.08000256,2.965260599,-2.24168825,-2.16937008,-2.649807108,0.174142608,Gang
0,0,1,8,0,0,0,0,0,0,0,0,0,0,0,0,3,0,0,0,5,1,1,1,5,0,0,0,0,2,7,7,2,0,6,7,Perut,Kepala,0.17,-0.078888889,-0.036111111,0.188888889,-0.080277778,-0.000277778,-0.03,-0.26,-0.03,-0.21,-0.008055556,-0.079444444,-0.461666667,-0.718055556,2.71415611,-0.94733531,-1.756431071,-2.007423487,3.114572204,-3.099870456,0.853680212,Ketua
0,0,8,0,0,0,0,8,0,0,0,0,0,1,0,0,0,7,0,0,0,0,0,1,0,0,0,0,0,0,0,7,0,0,0,0,Perut,Kepala,0.173333333,-0.07441358,-0.059614198,0.187469136,-0.077507716,-0.010285494,-0.030833333,-0.247222222,-0.030833333,-0.225555556,-0.005501543,-0.075540123,-0.462824074,-0.722723765,2.824490745,-0.881249168,-1.791413566,-2.112756928,3.216758903,-0.198851351,0.858272959,Ketua
0,0,0,0,0,0,0,0,0,0,0,0,0,0,0,0,0,0,1,0,0,1,1,0,0,1,0,0,4,0,8,0,4,4,0,4,Perut,Kepala,0.174578189,-0.073367603,-0.058433344,0.18858601,-0.048632336,-0.015069665,-0.030857124,-0.246857425,-0.030579347,-0.220490398,-0.010282023,-0.077805201,-0.499230574,-0.712301484,2.91199573,-0.90207219,-1.583297915,-2.173710744,3.042930332,-0.25592551,0.870064321,Ketua
0,0,0,0,0,0,0,0,0,0,0,0,0,0,0,0,0,0,0,0,0,0,0,0,0,0,3,0,7,1,0,1,1,0,0,1,Perut,Kepala,0.174849394,-0.081760211,-0.051623148,0.186071834,-0.07107312,-0.002085268,-0.031412698,-0.246857151,-0.030293871,-0.226124733,-0.010285612,-0.072161256,-0.474145294,-0.719230597,2.846425305,-0.88756737,-1.861426184,-2.176022821,2.870638899,3.125621614,0.861476862,Ketua
0,1,0,0,1,8,3,7,0,0,0,0,0,0,0,0,3,0,4,1,1,5,7,1,5,1,5,0,0,0,5,0,0,5,5,1,Perut,Kepala,0.164579359,-0.082285309,-0.045039833,0.189032463,-0.07442984,-0.012779387,-0.030857572,-0.246857143,-0.030856708,-0.22628559,-0.00834127,-0.080333458,-0.47515752,-0.719443851,2.771936595,-0.898745387,-1.678039241,-2.119361358,3.219591043,-1.97246464,0.862221273,Ketua
0,0,0,0,0,0,0,0,0,0,0,0,0,0,0,0,0,0,0,0,0,0,0,0,1,0,0,0,0,0,0,0,0,0,0,0,Perut,Kepala,0.164571649,-0.084507925,-0.043751106,0.184695346,-0.069567496,0.000200573,-0.040857155,-0.246857143,-0.030857131,-0.226285711,-0.010231702,-0.072231485,-0.48319882,-0.709984551,2.80825102,-0.889552481,-1.867500702,-2.177540702,-3.022538606,3.080432629,0.858865215,Ketua
0,0,0,0,0,0,0,0,0,0,0,0,0,0,0,0,0,0,1,5,5,1,5,0,7,1,0,0,0,0,0,0,0,1,1,7,Perut,Kepala,0.172642416,-0.052565207,-0.090766783,0.174664117,-0.064235777,0.001296451,-0.041034612,-0.256857143,-0.020857143,-0.223230159,-0.010285673,-0.075333512,-0.441306481,-0.730810173,3.050347853,-0.832933547,-1.961815503,-2.159912263,-3.096251289,3.012447717,0.854004349,Ketua
0,0,0,0,0,0,0,0,0,0,0,0,0,0,0,0,0,0,0,0,0,0,3,0,3,0,7,7,0,0,0,0,0,0,0,0,Perut,Kepala,0.174517845,-0.061460145,-0.0525213,0.184851781,-0.087339883,-0.008852876,-0.04113985,-0.247412698,-0.027246032,-0.232034171,-0.003619046,-0.075981486,-0.456702958,-0.721411394,3.010644577,-0.983152848,-1.791788179,-2.166653483,-3.180386745,-0.89306205,0.853850347,Ketua
5,0,0,0,0,0,0,0,0,0,0,0,0,0,0,0,0,0,5,0,0,0,1,0,5,0,0,0,0,0,0,0,0,0,0,0,Perut,Kepala,0.174856881,-0.061436312,-0.051529723,0.185142633,-0.091101343,-0.010531522,-0.031142855,-0.25074646,-0.030576579,-0.232609594,-0.009725015,-0.072072517,-0.453384802,-0.720031953,3.011752957,-0.988966919,-1.776279581,-2.12427841,3.044501208,2.875624733,0.850890159,Ketua
0,0,0,0,0,0,0,0,0,0,0,0,0,0,0,0,0,0,0,0,0,0,0,0,0,0,0,0,0,0,0,0,0,0,0,0,Perut,Kepala,0.174857136,-0.061706564,-0.051431381,0.185142851,-0.082530593,-0.010292542,-0.030865079,-0.256965179,-0.030849349,-0.224239155,-0.009436806,-0.074224237,-0.461760689,-0.720000888,3.010314838,-0.988028165,-1.766729282,-2.120124275,3.208647935,1.312378,0.855354621,Ketua
0,0,0,0,0,0,0,0,0,0,0,0,0,0,0,0,0,0,0,0,8,0,0,0,0,0,0,5,0,8,0,0,0,0,0,0,Perut,Kepala,0.174857143,-0.061714071,-0.051428649,0.185142857,-0.067570294,-0.016397015,-0.030857363,-0.247137922,-0.030856926,-0.226784421,-0.010262133,-0.081506229,-0.477548908,-0.713888914,3.01027489,-0.988002089,-1.614873458,-2.124934951,3.219872664,-2.746197319,0.85910323,Ketua
0,8,0,0,0,3,0,0,0,0,0,0,0,1,8,0,0,0,0,0,3,7,0,5,0,5,0,0,0,0,0,0,0,3,3,0,Kepala,Kepala,0.13652381,-0.039769835,-0.108650796,0.174031746,-0.037432508,0.061211194,-0.14446826,-0.054087164,0.10830953,0.156755988,0.017492719,0.051624827,-0.369654136,-0.041496914,-0.672498288,-0.756078776,0.093889974,-1.694296991,0.754086447,-2.947022965,0.381017834,Geledeg
0,0,0,0,0,0,0,0,0,0,0,0,0,0,0,0,0,0,0,7,0,0,7,0,0,7,4,0,1,4,8,7,0,0,0,0,Kepala,Kepala,0.153792328,0.048895282,-0.133851411,0.115945326,-0.03881757,0.032811422,-0.154013007,0.044886468,0.132453042,0.138798777,0.051041464,0.04060069,-0.271657059,0.016625086,-2.479751937,-1.046819888,-0.684774932,2.358232415,1.124426034,2.915203373,0.272670368,Geledeg
7,0,0,0,0,7,3,7,1,0,3,1,0,7,7,3,3,0,0,0,0,0,0,0,0,0,5,0,0,0,0,0,0,5,1,0,Kepala,Kepala,0.145134099,0.026395753,-0.124493713,0.12013576,-0.034621001,0.030881799,-0.144841059,0.036701301,0.126359917,0.140932715,0.049962223,0.03733071,-0.283674118,0.025043692,-2.749182214,-0.974364211,0.921134524,2.569216583,1.118875529,3.021503848,0.284820633,Geledeg
0,0,0,0,0,0,0,0,0,0,0,0,0,0,0,0,0,0,7,0,0,0,0,0,0,0,0,7,7,0,7,0,3,3,0,0,Kepala,Kepala,0.141531503,0.022955438,-0.128458159,0.128614882,-0.040961694,0.03808005,-0.154023363,0.011019481,0.134621109,0.135859242,0.050276728,0.04909252,-0.287879837,0.013473436,-2.74457947,-0.973983865,-0.282952413,2.843506749,0.886131213,-1.84823796,0.288238772,Geledeg
0,0,0,0,0,0,0,0,0,0,0,0,0,0,0,0,0,0,0,8,0,0,1,7,0,0,0,0,0,0,0,0,0,0,0,0,Kepala,Kepala,0.133782046,0.010573268,-0.122105292,0.132877018,-0.04086494,0.039473827,-0.154169771,0.010402021,0.133714985,0.133708225,0.05137367,0.051311028,-0.289604846,0.022780458,-2.835655562,-0.932433772,-3.127062741,2.831075969,0.877154533,-3.158213112,0.290526516,Geledeg
0,0,0,0,0,0,0,0,0,0,0,0,0,0,0,0,0,0,0,0,0,0,0,0,0,0,7,0,3,0,7,0,0,0,0,0,Kepala,Kepala,0.143716168,0.020293702,-0.133391814,0.126746584,-0.041135137,0.042485384,-0.149004716,0.010288945,0.128436527,0.133991895,0.051427046,0.051147529,-0.288044579,0.016188346,-2.758035895,-0.925433179,1.09260336,2.846707182,0.900954925,0.061609075,0.288545841,Geledeg
0,0,0,0,0,0,0,0,0,0,0,0,0,0,0,0,0,0,0,0,0,0,0,0,0,0,0,0,0,1,0,1,0,1,1,1,Kepala,Kepala,0.143999781,0.020571214,-0.133714037,0.123600885,-0.043095012,0.048667041,-0.144003862,0.000293433,0.128980275,0.134540117,0.045888447,0.050595021,-0.286040158,0.012875145,-2.754460521,-0.913356932,3.021009712,2.975628288,0.831890115,-0.226764606,0.286363568,Geledeg
0,0,0,0,0,0,0,0,0,0,0,0,0,0,0,0,0,0,0,0,0,3,1,1,0,0,0,0,0,0,1,1,1,5,0,0,Kepala,Kepala,0.133999994,0.010571423,-0.123714279,0.131766691,-0.046752639,0.036351862,-0.144000107,8.15E-06,0.126916119,0.133737225,0.047941346,0.051405417,-0.282390004,0.01702431,-2.88400984,-0.920856653,-2.893408419,2.963646603,0.83515868,1.051131817,0.282943232,Geledeg
0,0,0,0,0,0,0,0,0,0,0,7,0,0,0,0,0,0,0,0,0,0,7,0,0,0,5,0,0,0,0,0,0,0,0,0,Kepala,Kepala,0.143861111,0.010285935,-0.133575397,0.133712783,-0.044480519,0.038361383,-0.143807099,0.011388895,0.133516139,0.133104736,0.051194399,0.042315899,-0.274616042,0.013346469,-2.87928291,-0.881809635,-3.154265684,2.890171986,0.887234408,2.575594209,0.274978993,Geledeg
0,0,0,0,0,1,0,0,0,0,0,0,0,0,0,0,0,0,1,0,0,0,0,0,1,0,5,0,0,0,0,0,0,0,0,0,Kepala,Kepala,0.13427392,0.01028572,-0.123988205,0.133714244,-0.042624459,0.041065594,-0.143994642,0.003371914,0.132042115,0.130641798,0.046422067,0.051175442,-0.282906001,0.010370735,-2.874005782,-0.925381145,-3.174973918,2.955108154,0.82627936,-1.787436688,0.28309776,Geledeg
0,0,0,0,0,0,0,0,0,0,0,0,0,0,0,0,0,0,0,0,0,0,0,0,7,7,0,7,0,0,0,7,0,0,0,0,Kepala,Kepala,0.133729831,0.010285714,-0.123444117,0.133714285,-0.041184013,0.039474044,-0.143999851,9.37E-05,0.131167837,0.133628939,0.043789502,0.05142154,-0.2878585,0.011954743,-2.873707406,-0.927853774,-3.166158177,2.978700328,0.81834504,-1.547449102,0.288131485,Geledeg
0,1,1,1,1,1,1,0,7,0,8,0,0,0,0,0,0,0,3,3,0,7,7,0,0,0,0,1,0,1,5,0,0,0,0,0,Perut,Dada,-0.06156306,-0.149992063,-0.156762337,0.133992063,-0.038088445,0.026096501,-0.061777774,-0.257775176,-0.033578671,-0.232954752,0.012049708,-0.071627179,-0.153273847,-0.57883459,1.302654873,1.08201036,-2.423647542,-1.934708296,-2.703097173,-2.882774835,0.620109626,Jendral
0,0,0,0,0,0,0,0,0,0,0,0,0,0,0,0,0,0,0,0,0,5,1,0,0,0,0,0,0,0,0,0,0,0,0,0,Perut,Dada,-0.148654529,-0.039166446,-0.179632287,0.105666446,-0.018280235,0.002947125,-0.063660494,-0.260493755,0.00767837,-0.236470965,0.013668047,-0.081989644,-0.013702051,-0.634134294,0.480137663,2.410991826,-1.95705927,-1.976960703,-2.939348422,-3.094522897,0.63535728,Jendral
0,0,0,0,0,0,0,0,0,0,0,7,3,0,0,0,0,3,5,0,0,0,0,0,0,1,0,0,7,7,4,0,0,0,0,0,Perut,Dada,-0.072136308,-0.157198431,-0.189814531,0.156385545,-0.060137562,0.02725536,-0.061592331,-0.246859949,0.010206542,-0.226301289,0.010365485,-0.071413572,-0.048189585,-0.571561832,1.495397664,1.351627929,-2.242700461,-2.161068646,-2.933489766,-3.129230894,0.573732246,Jendral
0,0,0,0,0,0,3,0,0,0,0,0,0,7,0,0,0,0,7,0,0,0,0,0,0,0,0,0,0,0,0,0,0,0,0,0,Perut,Dada,-0.124781564,-0.112977734,-0.171105959,0.130732932,-0.043059377,0.010479316,-0.043655343,-0.240190554,-0.007772041,-0.23461948,0.01028793,-0.066428155,-0.0313386,-0.579210051,1.069111235,1.803552029,-2.784374998,-2.130040753,-3.080520982,-3.038589424,0.580068647,Jendral
0,0,0,0,0,0,0,0,0,0,0,0,0,0,0,0,0,0,0,0,8,0,0,0,8,0,4,8,8,4,8,4,0,0,4,8,Perut,Dada,-0.052002146,-0.193567112,-0.193789434,0.140509825,-0.070866558,0.049977222,-0.041978129,-0.226574221,-0.010005997,-0.228792145,0.010270284,-0.06975033,-0.063643008,-0.550979329,1.620432804,1.247869166,-0.591177003,-2.185816728,-3.087949197,-3.035396163,0.554915024,Jendral
0,0,7,0,7,0,0,0,0,0,0,0,0,0,0,0,0,0,4,0,0,0,0,0,0,0,3,7,0,0,7,3,0,0,0,0,Perut,Dada,-0.111444504,-0.145376864,-0.156494151,0.11529194,-0.061968516,0.023610478,-0.031166059,-0.236293728,-0.010277944,-0.226355337,0.010285286,-0.071381954,-0.04065675,-0.558360537,1.228138771,1.635833626,-2.875774966,-2.114206383,-3.143089762,-3.037297123,0.559881799,Jendral
0,0,1,8,1,8,0,0,0,0,0,0,0,0,0,0,0,0,0,7,0,0,0,3,7,0,7,0,0,0,0,0,0,0,0,0,Perut,Dada,-0.113967164,-0.139425445,-0.159318283,0.116400688,-0.059168186,0.020589206,-0.031065715,-0.236571214,-0.010285708,-0.226285768,0.012785714,-0.071999523,-0.036443408,-0.553285772,1.259056411,1.672052808,-2.719659789,-2.11342006,-3.143778819,-3.004578382,0.554594328,Jendral
0,0,0,0,0,0,0,0,0,0,0,0,0,0,0,0,0,0,0,0,0,0,8,0,0,0,0,0,0,0,0,0,0,1,0,0,Perut,Dada,-0.111499088,-0.143872929,-0.155536619,0.11351113,-0.061365783,0.020571922,-0.040862937,-0.236015867,-0.018896825,-0.207952382,0.00896627,-0.065888876,-0.070178984,-0.530646827,1.210972773,1.644771365,-2.910803776,-2.155109347,-3.1485418,-2.998999746,0.535318469,Jendral
0,0,0,0,0,0,0,0,0,0,0,0,0,0,0,0,0,0,0,0,0,0,3,4,0,4,8,8,0,5,0,0,0,0,4,7,Perut,Dada,-0.133650848,-0.142888791,-0.157758902,0.121044376,-0.059198585,0.021242725,-0.051250666,-0.236571,-0.010292359,-0.226271568,0.010284696,-0.071717507,-0.040254768,-0.553426425,1.159776184,1.715750888,-2.889029344,-2.236511069,-3.058677524,-3.038003604,0.554981097,Jendral
0,0,0,0,0,0,0,0,0,0,0,0,0,0,0,0,0,0,4,5,5,0,0,0,0,0,0,0,8,0,0,0,0,1,0,4,Perut,Dada,-0.133712524,-0.133969133,-0.152159969,0.121695677,-0.046922183,0.023090076,-0.05142363,-0.236571417,-0.010285899,-0.226285321,0.010285686,-0.071992153,-0.058062632,-0.55620629,1.139364723,1.727806001,-1.787687846,-2.168732872,-3.057918514,-3.038661309,0.559287096,Jendral
0,0,0,0,0,0,0,0,0,0,0,0,0,0,0,0,0,0,8,3,4,4,8,8,7,0,0,7,0,1,4,0,3,0,1,0,Perut,Dada,-0.105936459,-0.142054698,-0.185059999,0.125602658,-0.046581172,0.020919169,-0.041428434,-0.236571428,-0.010285719,-0.226285703,0.010285714,-0.071999782,-0.043279518,-0.550450175,1.29459404,1.656970865,-1.219301686,-2.134535418,-3.099767299,-3.038679578,0.552681858,Jendral
